Workbook
Name abc: #REF!
Name Beneficio_Porcent: #REF!
Name categoria: #REF!
Name Categoria_Personal: #REF!
Name ce_CodigoImagen: #REF!
Name Celular: #REF!
Name Clientes: #REF!
Name Cost_TotalGastos: '[1]Hoja de Costos'!$D$85
Name Costo_Mat: #REF!
Name Costo_MO: #REF!
Name Costo_Reprocesos: #REF!
Name Costo_Servicios: #REF!
Name Costo_Suministros: #REF!
Name CostoTotal: #REF!
Name Depreciacion_Total: #REF!
Name descripcion: #REF!
Name Destino: #REF!
Name DiasMes: #REF!
Name Direccion: #REF!
Name DNI: #REF!
Name ExcesoMat_Porcent: #REF!
Name Factor_Depreciacion: #REF!
Name fecha_venta: #REF!
Name Gasto_Depreciacion: #REF!
Name Gasto_Desarrollo: #REF!
Name Gasto_Financiero: #REF!
Name Gasto_ServiciosInd: #REF!
Name Gasto_Sueldos: #REF!
Name Gasto_SumHer: #REF!
Name HojaCostos_Codigo: '[1]Hoja de Costos'!$C$1
Name HorasJornada: #REF!
Name Item_Maquina: #REF!
Name MinHora: #REF!
Name Monto: #REF!
Name Monto_letras: #REF!
Name number_boleta: #REF!
Name PRODUCTO: #REF!
Name PrototipoMOD_Porcent: #REF!
Name ReprocesoMat_Porcent: #REF!
Name ReprocesoMO_Porcent: #REF!
Name T_MAQUINA_BORDADO: #REF!
Name Valor_Inicial: #REF!
Name Valor_Residual: #REF!
Name Vida_Util: #REF!

Sheet RECETAS
L1: Columna2
L2: TEL0000149 | M2: insert into P_DFORM(CDG_PROD,CDG_CONP,CAN_PROD) VALUES(' | N2: =M2&Tabla3[[#This Row],[CODIGO PRODUCTO TERMINADO]]&"','"&L2&"',"&Tabla3[[#This Row],[CANTIDAD MATERIAL (M)]]&");" -> #VALUE!
L3: TEL0000040 | M3: insert into P_DFORM(CDG_PROD,CDG_CONP,CAN_PROD) VALUES(' | N3: =M3&Tabla3[[#This Row],[CODIGO PRODUCTO TERMINADO]]&"','"&L3&"',"&Tabla3[[#This Row],[CANTIDAD MATERIAL (M)]]&");" -> #VALUE!
L4: TEL0000042 | M4: insert into P_DFORM(CDG_PROD,CDG_CONP,CAN_PROD) VALUES(' | N4: =M4&Tabla3[[#This Row],[CODIGO PRODUCTO TERMINADO]]&"','"&L4&"',"&Tabla3[[#This Row],[CANTIDAD MATERIAL (M)]]&");" -> #VALUE!
L5: TEL0000191 | M5: insert into P_DFORM(CDG_PROD,CDG_CONP,CAN_PROD) VALUES(' | N5: =M5&Tabla3[[#This Row],[CODIGO PRODUCTO TERMINADO]]&"','"&L5&"',"&Tabla3[[#This Row],[CANTIDAD MATERIAL (M)]]&");" -> #VALUE!
L6: AVI0000034 | M6: insert into P_DFORM(CDG_PROD,CDG_CONP,CAN_PROD) VALUES(' | N6: =M6&Tabla3[[#This Row],[CODIGO PRODUCTO TERMINADO]]&"','"&L6&"',"&Tabla3[[#This Row],[CANTIDAD MATERIAL (M)]]&");" -> #VALUE!
L7: AVI0000039 | M7: insert into P_DFORM(CDG_PROD,CDG_CONP,CAN_PROD) VALUES(' | N7: =M7&Tabla3[[#This Row],[CODIGO PRODUCTO TERMINADO]]&"','"&L7&"',"&Tabla3[[#This Row],[CANTIDAD MATERIAL (M)]]&");" -> #VALUE!
L8: AVI0000135 | M8: insert into P_DFORM(CDG_PROD,CDG_CONP,CAN_PROD) VALUES(' | N8: =M8&Tabla3[[#This Row],[CODIGO PRODUCTO TERMINADO]]&"','"&L8&"',"&Tabla3[[#This Row],[CANTIDAD MATERIAL (M)]]&");" -> #VALUE!
L9: TEL0000192 | M9: insert into P_DFORM(CDG_PROD,CDG_CONP,CAN_PROD) VALUES(' | N9: =M9&Tabla3[[#This Row],[CODIGO PRODUCTO TERMINADO]]&"','"&L9&"',"&Tabla3[[#This Row],[CANTIDAD MATERIAL (M)]]&");" -> #VALUE!
L10: AVI0000031 | M10: insert into P_DFORM(CDG_PROD,CDG_CONP,CAN_PROD) VALUES(' | N10: =M10&Tabla3[[#This Row],[CODIGO PRODUCTO TERMINADO]]&"','"&L10&"',"&Tabla3[[#This Row],[CANTIDAD MATERIAL (M)]]&");" -> #VALUE!
L11: TEL0000149 | M11: insert into P_DFORM(CDG_PROD,CDG_CONP,CAN_PROD) VALUES(' | N11: =M11&Tabla3[[#This Row],[CODIGO PRODUCTO TERMINADO]]&"','"&L11&"',"&Tabla3[[#This Row],[CANTIDAD MATERIAL (M)]]&");" -> #VALUE!
L12: TEL0000040 | M12: insert into P_DFORM(CDG_PROD,CDG_CONP,CAN_PROD) VALUES(' | N12: =M12&Tabla3[[#This Row],[CODIGO PRODUCTO TERMINADO]]&"','"&L12&"',"&Tabla3[[#This Row],[CANTIDAD MATERIAL (M)]]&");" -> #VALUE!
L13: TEL0000042 | M13: insert into P_DFORM(CDG_PROD,CDG_CONP,CAN_PROD) VALUES(' | N13: =M13&Tabla3[[#This Row],[CODIGO PRODUCTO TERMINADO]]&"','"&L13&"',"&Tabla3[[#This Row],[CANTIDAD MATERIAL (M)]]&");" -> #VALUE!
... L20: TEL0000149 | M20: insert into P_DFORM(CDG_PROD,CDG_CONP,CAN_PROD) VALUES(' | N20: =M20&Tabla3[[#This Row],[CODIGO PRODUCTO TERMINADO]]&"','"&L20&"',"&Tabla3[[#This Row],[CANTIDAD MATERIAL (M)]]&");" -> #VALUE!
A21: CODIGO PRODUCTO TERMINADO | B21: CATEGORIA | C21: PRODUCTO TERMINADO | D21: CLASIFICACIÓN | E21: DESCRIPCION MATERIAL | F21: CANTIDAD MATERIAL (M) | G21: UNIDAD DE MEDIDA | H21: Columna2 | I21: Columna3 | J21: SI SALE A SERVICIO | K21: CANTIDAD QUE SE QUEDA EN ALMACEN | L21: TEL0000040 | M21: insert into P_DFORM(CDG_PROD,CDG_CONP,CAN_PROD) VALUES(' | N21: =M21&Tabla3[[#This Row],[CODIGO PRODUCTO TERMINADO]]&"','"&L21&"',"&Tabla3[[#This Row],[CANTIDAD MATERIAL (M)]]&");" -> #VALUE!
A22: FP02 | B22: FIESTAS PATRIAS | C22: SAN MARTIN #4 | D22: TELA | E22: GASA DE 3MM | F22: 0.065 | H22: =VLOOKUP(Tabla3[[#This Row],[DESCRIPCION MATERIAL]],'CODIGO MAT'!$C$2:$D$390,2,FALSE) -> TEL0000149 | J22: 1 | K22: 0 | L22: TEL0000042 | M22: insert into P_DFORM(CDG_PROD,CDG_CONP,CAN_PROD) VALUES(' | N22: =M22&Tabla3[[#This Row],[CODIGO PRODUCTO TERMINADO]]&"','"&L22&"',"&Tabla3[[#This Row],[CANTIDAD MATERIAL (M)]]&");" -> insert into P_DFORM(CDG_PROD,CDG_CONP,CAN_PROD) VALUES('FP02 ','TEL0000042',0.065);
A23: FP02 | B23: FIESTAS PATRIAS | C23: SAN MARTIN #4 | D23: TELA | E23: SERMAT BLANCO | F23: 0.41 | H23: =VLOOKUP(Tabla3[[#This Row],[DESCRIPCION MATERIAL]],'CODIGO MAT'!$C$2:$D$390,2,FALSE) -> TEL0000040 | J23: 1 | K23: 0 | L23: TEL0000191 | M23: insert into P_DFORM(CDG_PROD,CDG_CONP,CAN_PROD) VALUES(' | N23: =M23&Tabla3[[#This Row],[CODIGO PRODUCTO TERMINADO]]&"','"&L23&"',"&Tabla3[[#This Row],[CANTIDAD MATERIAL (M)]]&");" -> insert into P_DFORM(CDG_PROD,CDG_CONP,CAN_PROD) VALUES('FP02 ','TEL0000191',0.41);
A24: FP02 | B24: FIESTAS PATRIAS | C24: SAN MARTIN #4 | D24: TELA | E24: SERMAT AZULINO | F24: 0.532 | H24: =VLOOKUP(Tabla3[[#This Row],[DESCRIPCION MATERIAL]],'CODIGO MAT'!$C$2:$D$390,2,FALSE) -> TEL0000042 | J24: 1 | K24: 0 | L24: AVI0000034 | M24: insert into P_DFORM(CDG_PROD,CDG_CONP,CAN_PROD) VALUES(' | N24: =M24&Tabla3[[#This Row],[CODIGO PRODUCTO TERMINADO]]&"','"&L24&"',"&Tabla3[[#This Row],[CANTIDAD MATERIAL (M)]]&");" -> insert into P_DFORM(CDG_PROD,CDG_CONP,CAN_PROD) VALUES('FP02 ','AVI0000034',0.532);
A25: FP02 | B25: FIESTAS PATRIAS | C25: SAN MARTIN #4 | D25: TELA | E25: SERMAT LAMINADO AZULINO | F25: 0.11 | H25: =VLOOKUP(Tabla3[[#This Row],[DESCRIPCION MATERIAL]],'CODIGO MAT'!$C$2:$D$390,2,FALSE) -> TEL0000191 | J25: 1 | K25: 0 | L25: AVI0000039 | M25: insert into P_DFORM(CDG_PROD,CDG_CONP,CAN_PROD) VALUES(' | N25: =M25&Tabla3[[#This Row],[CODIGO PRODUCTO TERMINADO]]&"','"&L25&"',"&Tabla3[[#This Row],[CANTIDAD MATERIAL (M)]]&");" -> insert into P_DFORM(CDG_PROD,CDG_CONP,CAN_PROD) VALUES('FP02 ','AVI0000039',0.11);
A26: FP02 | B26: FIESTAS PATRIAS | C26: SAN MARTIN #4 | D26: AVIO | E26: GRECA TRINCHI DORADO | F26: 2.88 | H26: =VLOOKUP(Tabla3[[#This Row],[DESCRIPCION MATERIAL]],'CODIGO MAT'!$C$2:$D$390,2,FALSE) -> AVI0000034 | J26: 1 | K26: 0 | L26: AVI0000135 | M26: insert into P_DFORM(CDG_PROD,CDG_CONP,CAN_PROD) VALUES(' | N26: =M26&Tabla3[[#This Row],[CODIGO PRODUCTO TERMINADO]]&"','"&L26&"',"&Tabla3[[#This Row],[CANTIDAD MATERIAL (M)]]&");" -> insert into P_DFORM(CDG_PROD,CDG_CONP,CAN_PROD) VALUES('FP02 ','AVI0000135',2.88);
A27: FP02 | B27: FIESTAS PATRIAS | C27: SAN MARTIN #4 | D27: AVIO | E27: FLECO BANDERIN DORADO | F27: 0.51 | H27: =VLOOKUP(Tabla3[[#This Row],[DESCRIPCION MATERIAL]],'CODIGO MAT'!$C$2:$D$390,2,FALSE) -> AVI0000039 | J27: 1 | K27: 0 | L27: TEL0000192 | M27: insert into P_DFORM(CDG_PROD,CDG_CONP,CAN_PROD) VALUES(' | N27: =M27&Tabla3[[#This Row],[CODIGO PRODUCTO TERMINADO]]&"','"&L27&"',"&Tabla3[[#This Row],[CANTIDAD MATERIAL (M)]]&");" -> insert into P_DFORM(CDG_PROD,CDG_CONP,CAN_PROD) VALUES('FP02 ','TEL0000192',0.51);
A28: FP02 | B28: FIESTAS PATRIAS | C28: SAN MARTIN #4 | D28: AVIO | E28: BOTON ANCLA #28 DORADO | F28: 6 | H28: =VLOOKUP(Tabla3[[#This Row],[DESCRIPCION MATERIAL]],'CODIGO MAT'!$C$2:$D$390,2,FALSE) -> AVI0000135 | L28: AVI0000031 | M28: insert into P_DFORM(CDG_PROD,CDG_CONP,CAN_PROD) VALUES(' | N28: =M28&Tabla3[[#This Row],[CODIGO PRODUCTO TERMINADO]]&"','"&L28&"',"&Tabla3[[#This Row],[CANTIDAD MATERIAL (M)]]&");" -> insert into P_DFORM(CDG_PROD,CDG_CONP,CAN_PROD) VALUES('FP02 ','AVI0000031',6);
A29: FP02 | B29: FIESTAS PATRIAS | C29: SAN MARTIN #4 | D29: TELA | E29: LATEX LICRADO LAMINADO DORADO | F29: 0.012 | H29: =VLOOKUP(Tabla3[[#This Row],[DESCRIPCION MATERIAL]],'CODIGO MAT'!$C$2:$D$390,2,FALSE) -> TEL0000192 | L29: TEL0000149 | M29: insert into P_DFORM(CDG_PROD,CDG_CONP,CAN_PROD) VALUES(' | N29: =M29&Tabla3[[#This Row],[CODIGO PRODUCTO TERMINADO]]&"','"&L29&"',"&Tabla3[[#This Row],[CANTIDAD MATERIAL (M)]]&");" -> insert into P_DFORM(CDG_PROD,CDG_CONP,CAN_PROD) VALUES('FP02 ','TEL0000149',0.012);
A30: FP02 | B30: FIESTAS PATRIAS | C30: SAN MARTIN #4 | D30: AVIO | E30: GRECA 511 DORADO | F30: 0.31 | H30: =VLOOKUP(Tabla3[[#This Row],[DESCRIPCION MATERIAL]],'CODIGO MAT'!$C$2:$D$390,2,FALSE) -> AVI0000031 | L30: TEL0000040 | M30: insert into P_DFORM(CDG_PROD,CDG_CONP,CAN_PROD) VALUES(' | N30: =M30&Tabla3[[#This Row],[CODIGO PRODUCTO TERMINADO]]&"','"&L30&"',"&Tabla3[[#This Row],[CANTIDAD MATERIAL (M)]]&");" -> insert into P_DFORM(CDG_PROD,CDG_CONP,CAN_PROD) VALUES('FP02 ','TEL0000040',0.31);
A31: FP03 | B31: FIESTAS PATRIAS | C31: SAN MARTIN #6 | D31: TELA | E31: GASA DE 3MM | F31: 0.065 | H31: =VLOOKUP(Tabla3[[#This Row],[DESCRIPCION MATERIAL]],'CODIGO MAT'!$C$2:$D$390,2,FALSE) -> TEL0000149 | J31: 1 | K31: 0 | L31: TEL0000042 | M31: insert into P_DFORM(CDG_PROD,CDG_CONP,CAN_PROD) VALUES(' | N31: =M31&Tabla3[[#This Row],[CODIGO PRODUCTO TERMINADO]]&"','"&L31&"',"&Tabla3[[#This Row],[CANTIDAD MATERIAL (M)]]&");" -> insert into P_DFORM(CDG_PROD,CDG_CONP,CAN_PROD) VALUES('FP03','TEL0000042',0.065);
A32: FP03 | B32: FIESTAS PATRIAS | C32: SAN MARTIN #6 | D32: TELA | E32: SERMAT BLANCO | F32: 0.452 | H32: =VLOOKUP(Tabla3[[#This Row],[DESCRIPCION MATERIAL]],'CODIGO MAT'!$C$2:$D$390,2,FALSE) -> TEL0000040 | J32: 1 | K32: 0 | L32: TEL0000191 | M32: insert into P_DFORM(CDG_PROD,CDG_CONP,CAN_PROD) VALUES(' | N32: =M32&Tabla3[[#This Row],[CODIGO PRODUCTO TERMINADO]]&"','"&L32&"',"&Tabla3[[#This Row],[CANTIDAD MATERIAL (M)]]&");" -> insert into P_DFORM(CDG_PROD,CDG_CONP,CAN_PROD) VALUES('FP03','TEL0000191',0.452);
A33: FP03 | B33: FIESTAS PATRIAS | C33: SAN MARTIN #6 | D33: TELA | E33: SERMAT AZULINO | F33: 0.618 | H33: =VLOOKUP(Tabla3[[#This Row],[DESCRIPCION MATERIAL]],'CODIGO MAT'!$C$2:$D$390,2,FALSE) -> TEL0000042 | J33: 1 | K33: 0 | L33: AVI0000034 | M33: insert into P_DFORM(CDG_PROD,CDG_CONP,CAN_PROD) VALUES(' | N33: =M33&Tabla3[[#This Row],[CODIGO PRODUCTO TERMINADO]]&"','"&L33&"',"&Tabla3[[#This Row],[CANTIDAD MATERIAL (M)]]&");" -> insert into P_DFORM(CDG_PROD,CDG_CONP,CAN_PROD) VALUES('FP03','AVI0000034',0.618);
A34: FP03 | B34: FIESTAS PATRIAS | C34: SAN MARTIN #6 | D34: TELA | E34: SERMAT LAMINADO AZULINO | F34: 0.11 | H34: =VLOOKUP(Tabla3[[#This Row],[DESCRIPCION MATERIAL]],'CODIGO MAT'!$C$2:$D$390,2,FALSE) -> TEL0000191 | J34: 1 | K34: 0 | L34: AVI0000039 | M34: insert into P_DFORM(CDG_PROD,CDG_CONP,CAN_PROD) VALUES(' | N34: =M34&Tabla3[[#This Row],[CODIGO PRODUCTO TERMINADO]]&"','"&L34&"',"&Tabla3[[#This Row],[CANTIDAD MATERIAL (M)]]&");" -> insert into P_DFORM(CDG_PROD,CDG_CONP,CAN_PROD) VALUES('FP03','AVI0000039',0.11);
A35: FP03 | B35: FIESTAS PATRIAS | C35: SAN MARTIN #6 | D35: AVIO | E35: GRECA TRINCHI DORADO | F35: 2.93 | H35: =VLOOKUP(Tabla3[[#This Row],[DESCRIPCION MATERIAL]],'CODIGO MAT'!$C$2:$D$390,2,FALSE) -> AVI0000034 | J35: 1 | K35: 0 | L35: AVI0000135 | M35: insert into P_DFORM(CDG_PROD,CDG_CONP,CAN_PROD) VALUES(' | N35: =M35&Tabla3[[#This Row],[CODIGO PRODUCTO TERMINADO]]&"','"&L35&"',"&Tabla3[[#This Row],[CANTIDAD MATERIAL (M)]]&");" -> insert into P_DFORM(CDG_PROD,CDG_CONP,CAN_PROD) VALUES('FP03','AVI0000135',2.93);
A36: FP03 | B36: FIESTAS PATRIAS | C36: SAN MARTIN #6 | D36: AVIO | E36: FLECO BANDERIN DORADO | F36: 0.51 | H36: =VLOOKUP(Tabla3[[#This Row],[DESCRIPCION MATERIAL]],'CODIGO MAT'!$C$2:$D$390,2,FALSE) -> AVI0000039 | J36: 1 | K36: 0 | L36: TEL0000192 | M36: insert into P_DFORM(CDG_PROD,CDG_CONP,CAN_PROD) VALUES(' | N36: =M36&Tabla3[[#This Row],[CODIGO PRODUCTO TERMINADO]]&"','"&L36&"',"&Tabla3[[#This Row],[CANTIDAD MATERIAL (M)]]&");" -> insert into P_DFORM(CDG_PROD,CDG_CONP,CAN_PROD) VALUES('FP03','TEL0000192',0.51);
A37: FP03 | B37: FIESTAS PATRIAS | C37: SAN MARTIN #6 | D37: AVIO | E37: BOTON ANCLA #28 DORADO | F37: 6 | H37: =VLOOKUP(Tabla3[[#This Row],[DESCRIPCION MATERIAL]],'CODIGO MAT'!$C$2:$D$390,2,FALSE) -> AVI0000135 | L37: AVI0000031 | M37: insert into P_DFORM(CDG_PROD,CDG_CONP,CAN_PROD) VALUES(' | N37: =M37&Tabla3[[#This Row],[CODIGO PRODUCTO TERMINADO]]&"','"&L37&"',"&Tabla3[[#This Row],[CANTIDAD MATERIAL (M)]]&");" -> insert into P_DFORM(CDG_PROD,CDG_CONP,CAN_PROD) VALUES('FP03','AVI0000031',6);
A38: FP03 | B38: FIESTAS PATRIAS | C38: SAN MARTIN #6 | D38: TELA | E38: LATEX LICRADO LAMINADO DORADO | F38: 0.012 | H38: =VLOOKUP(Tabla3[[#This Row],[DESCRIPCION MATERIAL]],'CODIGO MAT'!$C$2:$D$390,2,FALSE) -> TEL0000192 | L38: TEL0000149 | M38: insert into P_DFORM(CDG_PROD,CDG_CONP,CAN_PROD) VALUES(' | N38: =M38&Tabla3[[#This Row],[CODIGO PRODUCTO TERMINADO]]&"','"&L38&"',"&Tabla3[[#This Row],[CANTIDAD MATERIAL (M)]]&");" -> insert into P_DFORM(CDG_PROD,CDG_CONP,CAN_PROD) VALUES('FP03','TEL0000149',0.012);
A39: FP03 | B39: FIESTAS PATRIAS | C39: SAN MARTIN #6 | D39: AVIO | E39: GRECA 511 DORADO | F39: 0.31 | H39: =VLOOKUP(Tabla3[[#This Row],[DESCRIPCION MATERIAL]],'CODIGO MAT'!$C$2:$D$390,2,FALSE) -> AVI0000031 | L39: TEL0000040 | M39: insert into P_DFORM(CDG_PROD,CDG_CONP,CAN_PROD) VALUES(' | N39: =M39&Tabla3[[#This Row],[CODIGO PRODUCTO TERMINADO]]&"','"&L39&"',"&Tabla3[[#This Row],[CANTIDAD MATERIAL (M)]]&");" -> insert into P_DFORM(CDG_PROD,CDG_CONP,CAN_PROD) VALUES('FP03','TEL0000040',0.31);
A40: FP04 | B40: FIESTAS PATRIAS | C40: SAN MARTIN #8 | D40: TELA | E40: GASA DE 3MM | F40: 0.11 | H40: =VLOOKUP(Tabla3[[#This Row],[DESCRIPCION MATERIAL]],'CODIGO MAT'!$C$2:$D$390,2,FALSE) -> TEL0000149 | J40: 1 | K40: 0 | L40: TEL0000042 | M40: insert into P_DFORM(CDG_PROD,CDG_CONP,CAN_PROD) VALUES(' | N40: =M40&Tabla3[[#This Row],[CODIGO PRODUCTO TERMINADO]]&"','"&L40&"',"&Tabla3[[#This Row],[CANTIDAD MATERIAL (M)]]&");" -> insert into P_DFORM(CDG_PROD,CDG_CONP,CAN_PROD) VALUES('FP04','TEL0000042',0.11);
A41: FP04 | B41: FIESTAS PATRIAS | C41: SAN MARTIN #8 | D41: TELA | E41: SERMAT BLANCO | F41: 0.52 | H41: =VLOOKUP(Tabla3[[#This Row],[DESCRIPCION MATERIAL]],'CODIGO MAT'!$C$2:$D$390,2,FALSE) -> TEL0000040 | J41: 1 | K41: 0 | L41: TEL0000191 | M41: insert into P_DFORM(CDG_PROD,CDG_CONP,CAN_PROD) VALUES(' | N41: =M41&Tabla3[[#This Row],[CODIGO PRODUCTO TERMINADO]]&"','"&L41&"',"&Tabla3[[#This Row],[CANTIDAD MATERIAL (M)]]&");" -> insert into P_DFORM(CDG_PROD,CDG_CONP,CAN_PROD) VALUES('FP04','TEL0000191',0.52);
A42: FP04 | B42: FIESTAS PATRIAS | C42: SAN MARTIN #8 | D42: TELA | E42: SERMAT AZULINO | F42: 0.71 | H42: =VLOOKUP(Tabla3[[#This Row],[DESCRIPCION MATERIAL]],'CODIGO MAT'!$C$2:$D$390,2,FALSE) -> TEL0000042 | J42: 1 | K42: 0 | L42: AVI0000034 | M42: insert into P_DFORM(CDG_PROD,CDG_CONP,CAN_PROD) VALUES(' | N42: =M42&Tabla3[[#This Row],[CODIGO PRODUCTO TERMINADO]]&"','"&L42&"',"&Tabla3[[#This Row],[CANTIDAD MATERIAL (M)]]&");" -> insert into P_DFORM(CDG_PROD,CDG_CONP,CAN_PROD) VALUES('FP04','AVI0000034',0.71);
A43: FP04 | B43: FIESTAS PATRIAS | C43: SAN MARTIN #8 | D43: TELA | E43: SERMAT LAMINADO AZULINO | F43: 0.11 | H43: =VLOOKUP(Tabla3[[#This Row],[DESCRIPCION MATERIAL]],'CODIGO MAT'!$C$2:$D$390,2,FALSE) -> TEL0000191 | J43: 1 | K43: 0 | L43: AVI0000039 | M43: insert into P_DFORM(CDG_PROD,CDG_CONP,CAN_PROD) VALUES(' | N43: =M43&Tabla3[[#This Row],[CODIGO PRODUCTO TERMINADO]]&"','"&L43&"',"&Tabla3[[#This Row],[CANTIDAD MATERIAL (M)]]&");" -> insert into P_DFORM(CDG_PROD,CDG_CONP,CAN_PROD) VALUES('FP04','AVI0000039',0.11);
A44: FP04 | B44: FIESTAS PATRIAS | C44: SAN MARTIN #8 | D44: AVIO | E44: GRECA TRINCHI DORADO | F44: 3.06 | H44: =VLOOKUP(Tabla3[[#This Row],[DESCRIPCION MATERIAL]],'CODIGO MAT'!$C$2:$D$390,2,FALSE) -> AVI0000034 | J44: 1 | K44: 0 | L44: AVI0000135 | M44: insert into P_DFORM(CDG_PROD,CDG_CONP,CAN_PROD) VALUES(' | N44: =M44&Tabla3[[#This Row],[CODIGO PRODUCTO TERMINADO]]&"','"&L44&"',"&Tabla3[[#This Row],[CANTIDAD MATERIAL (M)]]&");" -> insert into P_DFORM(CDG_PROD,CDG_CONP,CAN_PROD) VALUES('FP04','AVI0000135',3.06);
A45: FP04 | B45: FIESTAS PATRIAS | C45: SAN MARTIN #8 | D45: AVIO | E45: FLECO BANDERIN DORADO | F45: 0.51 | H45: =VLOOKUP(Tabla3[[#This Row],[DESCRIPCION MATERIAL]],'CODIGO MAT'!$C$2:$D$390,2,FALSE) -> AVI0000039 | J45: 1 | K45: 0 | L45: TEL0000192 | M45: insert into P_DFORM(CDG_PROD,CDG_CONP,CAN_PROD) VALUES(' | N45: =M45&Tabla3[[#This Row],[CODIGO PRODUCTO TERMINADO]]&"','"&L45&"',"&Tabla3[[#This Row],[CANTIDAD MATERIAL (M)]]&");" -> insert into P_DFORM(CDG_PROD,CDG_CONP,CAN_PROD) VALUES('FP04','TEL0000192',0.51);
A46: FP04 | B46: FIESTAS PATRIAS | C46: SAN MARTIN #8 | D46: AVIO | E46: BOTON ANCLA #28 DORADO | F46: 6 | H46: =VLOOKUP(Tabla3[[#This Row],[DESCRIPCION MATERIAL]],'CODIGO MAT'!$C$2:$D$390,2,FALSE) -> AVI0000135 | L46: AVI0000031 | M46: insert into P_DFORM(CDG_PROD,CDG_CONP,CAN_PROD) VALUES(' | N46: =M46&Tabla3[[#This Row],[CODIGO PRODUCTO TERMINADO]]&"','"&L46&"',"&Tabla3[[#This Row],[CANTIDAD MATERIAL (M)]]&");" -> insert into P_DFORM(CDG_PROD,CDG_CONP,CAN_PROD) VALUES('FP04','AVI0000031',6);
A47: FP04 | B47: FIESTAS PATRIAS | C47: SAN MARTIN #8 | D47: TELA | E47: LATEX LICRADO LAMINADO DORADO | F47: 0.012 | H47: =VLOOKUP(Tabla3[[#This Row],[DESCRIPCION MATERIAL]],'CODIGO MAT'!$C$2:$D$390,2,FALSE) -> TEL0000192 | L47: TEL0000149 | M47: insert into P_DFORM(CDG_PROD,CDG_CONP,CAN_PROD) VALUES(' | N47: =M47&Tabla3[[#This Row],[CODIGO PRODUCTO TERMINADO]]&"','"&L47&"',"&Tabla3[[#This Row],[CANTIDAD MATERIAL (M)]]&");" -> insert into P_DFORM(CDG_PROD,CDG_CONP,CAN_PROD) VALUES('FP04','TEL0000149',0.012);
A48: FP04 | B48: FIESTAS PATRIAS | C48: SAN MARTIN #8 | D48: AVIO | E48: GRECA 511 DORADO | F48: 0.31 | H48: =VLOOKUP(Tabla3[[#This Row],[DESCRIPCION MATERIAL]],'CODIGO MAT'!$C$2:$D$390,2,FALSE) -> AVI0000031 | L48: TEL0000040 | M48: insert into P_DFORM(CDG_PROD,CDG_CONP,CAN_PROD) VALUES(' | N48: =M48&Tabla3[[#This Row],[CODIGO PRODUCTO TERMINADO]]&"','"&L48&"',"&Tabla3[[#This Row],[CANTIDAD MATERIAL (M)]]&");" -> insert into P_DFORM(CDG_PROD,CDG_CONP,CAN_PROD) VALUES('FP04','TEL0000040',0.31);
A49: FP05 | B49: FIESTAS PATRIAS | C49: SAN MARTIN #10 | D49: TELA | E49: GASA DE 3MM | F49: 0.117 | H49: =VLOOKUP(Tabla3[[#This Row],[DESCRIPCION MATERIAL]],'CODIGO MAT'!$C$2:$D$390,2,FALSE) -> TEL0000149 | J49: 1 | K49: 0 | L49: TEL0000042 | M49: insert into P_DFORM(CDG_PROD,CDG_CONP,CAN_PROD) VALUES(' | N49: =M49&Tabla3[[#This Row],[CODIGO PRODUCTO TERMINADO]]&"','"&L49&"',"&Tabla3[[#This Row],[CANTIDAD MATERIAL (M)]]&");" -> insert into P_DFORM(CDG_PROD,CDG_CONP,CAN_PROD) VALUES('FP05','TEL0000042',0.117);
A50: FP05 | B50: FIESTAS PATRIAS | C50: SAN MARTIN #10 | D50: TELA | E50: SERMAT BLANCO | F50: 0.608 | H50: =VLOOKUP(Tabla3[[#This Row],[DESCRIPCION MATERIAL]],'CODIGO MAT'!$C$2:$D$390,2,FALSE) -> TEL0000040 | J50: 1 | K50: 0 | L50: TEL0000191 | M50: insert into P_DFORM(CDG_PROD,CDG_CONP,CAN_PROD) VALUES(' | N50: =M50&Tabla3[[#This Row],[CODIGO PRODUCTO TERMINADO]]&"','"&L50&"',"&Tabla3[[#This Row],[CANTIDAD MATERIAL (M)]]&");" -> insert into P_DFORM(CDG_PROD,CDG_CONP,CAN_PROD) VALUES('FP05','TEL0000191',0.608);
A51: FP05 | B51: FIESTAS PATRIAS | C51: SAN MARTIN #10 | D51: TELA | E51: SERMAT AZULINO | F51: 0.78 | H51: =VLOOKUP(Tabla3[[#This Row],[DESCRIPCION MATERIAL]],'CODIGO MAT'!$C$2:$D$390,2,FALSE) -> TEL0000042 | J51: 1 | K51: 0 | L51: AVI0000034 | M51: insert into P_DFORM(CDG_PROD,CDG_CONP,CAN_PROD) VALUES(' | N51: =M51&Tabla3[[#This Row],[CODIGO PRODUCTO TERMINADO]]&"','"&L51&"',"&Tabla3[[#This Row],[CANTIDAD MATERIAL (M)]]&");" -> insert into P_DFORM(CDG_PROD,CDG_CONP,CAN_PROD) VALUES('FP05','AVI0000034',0.78);
A52: FP05 | B52: FIESTAS PATRIAS | C52: SAN MARTIN #10 | D52: TELA | E52: SERMAT LAMINADO AZULINO | F52: 0.11 | H52: =VLOOKUP(Tabla3[[#This Row],[DESCRIPCION MATERIAL]],'CODIGO MAT'!$C$2:$D$390,2,FALSE) -> TEL0000191 | J52: 1 | K52: 0 | L52: AVI0000039 | M52: insert into P_DFORM(CDG_PROD,CDG_CONP,CAN_PROD) VALUES(' | N52: =M52&Tabla3[[#This Row],[CODIGO PRODUCTO TERMINADO]]&"','"&L52&"',"&Tabla3[[#This Row],[CANTIDAD MATERIAL (M)]]&");" -> insert into P_DFORM(CDG_PROD,CDG_CONP,CAN_PROD) VALUES('FP05','AVI0000039',0.11);
A53: FP05 | B53: FIESTAS PATRIAS | C53: SAN MARTIN #10 | D53: AVIO | E53: GRECA TRINCHI DORADO | F53: 3.1 | H53: =VLOOKUP(Tabla3[[#This Row],[DESCRIPCION MATERIAL]],'CODIGO MAT'!$C$2:$D$390,2,FALSE) -> AVI0000034 | J53: 1 | K53: 0 | L53: AVI0000135 | M53: insert into P_DFORM(CDG_PROD,CDG_CONP,CAN_PROD) VALUES(' | N53: =M53&Tabla3[[#This Row],[CODIGO PRODUCTO TERMINADO]]&"','"&L53&"',"&Tabla3[[#This Row],[CANTIDAD MATERIAL (M)]]&");" -> insert into P_DFORM(CDG_PROD,CDG_CONP,CAN_PROD) VALUES('FP05','AVI0000135',3.1);
A54: FP05 | B54: FIESTAS PATRIAS | C54: SAN MARTIN #10 | D54: AVIO | E54: FLECO BANDERIN DORADO | F54: 0.51 | H54: =VLOOKUP(Tabla3[[#This Row],[DESCRIPCION MATERIAL]],'CODIGO MAT'!$C$2:$D$390,2,FALSE) -> AVI0000039 | J54: 1 | K54: 0 | L54: TEL0000192 | M54: insert into P_DFORM(CDG_PROD,CDG_CONP,CAN_PROD) VALUES(' | N54: =M54&Tabla3[[#This Row],[CODIGO PRODUCTO TERMINADO]]&"','"&L54&"',"&Tabla3[[#This Row],[CANTIDAD MATERIAL (M)]]&");" -> insert into P_DFORM(CDG_PROD,CDG_CONP,CAN_PROD) VALUES('FP05','TEL0000192',0.51);
A55: FP05 | B55: FIESTAS PATRIAS | C55: SAN MARTIN #10 | D55: AVIO | E55: BOTON ANCLA #28 DORADO | F55: 6 | H55: =VLOOKUP(Tabla3[[#This Row],[DESCRIPCION MATERIAL]],'CODIGO MAT'!$C$2:$D$390,2,FALSE) -> AVI0000135 | L55: AVI0000031 | M55: insert into P_DFORM(CDG_PROD,CDG_CONP,CAN_PROD) VALUES(' | N55: =M55&Tabla3[[#This Row],[CODIGO PRODUCTO TERMINADO]]&"','"&L55&"',"&Tabla3[[#This Row],[CANTIDAD MATERIAL (M)]]&");" -> insert into P_DFORM(CDG_PROD,CDG_CONP,CAN_PROD) VALUES('FP05','AVI0000031',6);
A56: FP05 | B56: FIESTAS PATRIAS | C56: SAN MARTIN #10 | D56: TELA | E56: LATEX LICRADO LAMINADO DORADO | F56: 0.012 | H56: =VLOOKUP(Tabla3[[#This Row],[DESCRIPCION MATERIAL]],'CODIGO MAT'!$C$2:$D$390,2,FALSE) -> TEL0000192 | L56: TEL0000149 | M56: insert into P_DFORM(CDG_PROD,CDG_CONP,CAN_PROD) VALUES(' | N56: =M56&Tabla3[[#This Row],[CODIGO PRODUCTO TERMINADO]]&"','"&L56&"',"&Tabla3[[#This Row],[CANTIDAD MATERIAL (M)]]&");" -> insert into P_DFORM(CDG_PROD,CDG_CONP,CAN_PROD) VALUES('FP05','TEL0000149',0.012);
A57: FP05 | B57: FIESTAS PATRIAS | C57: SAN MARTIN #10 | D57: AVIO | E57: GRECA 511 DORADO | F57: 0.31 | H57: =VLOOKUP(Tabla3[[#This Row],[DESCRIPCION MATERIAL]],'CODIGO MAT'!$C$2:$D$390,2,FALSE) -> AVI0000031 | L57: TEL0000040 | M57: insert into P_DFORM(CDG_PROD,CDG_CONP,CAN_PROD) VALUES(' | N57: =M57&Tabla3[[#This Row],[CODIGO PRODUCTO TERMINADO]]&"','"&L57&"',"&Tabla3[[#This Row],[CANTIDAD MATERIAL (M)]]&");" -> insert into P_DFORM(CDG_PROD,CDG_CONP,CAN_PROD) VALUES('FP05','TEL0000040',0.31);
A58: FP06 | B58: FIESTAS PATRIAS | C58: SAN MARTIN #12 | D58: TELA | E58: GASA DE 3MM | F58: 0.117 | H58: =VLOOKUP(Tabla3[[#This Row],[DESCRIPCION MATERIAL]],'CODIGO MAT'!$C$2:$D$390,2,FALSE) -> TEL0000149 | J58: 1 | K58: 0 | L58: TEL0000042 | M58: insert into P_DFORM(CDG_PROD,CDG_CONP,CAN_PROD) VALUES(' | N58: =M58&Tabla3[[#This Row],[CODIGO PRODUCTO TERMINADO]]&"','"&L58&"',"&Tabla3[[#This Row],[CANTIDAD MATERIAL (M)]]&");" -> insert into P_DFORM(CDG_PROD,CDG_CONP,CAN_PROD) VALUES('FP06','TEL0000042',0.117);
A59: FP06 | B59: FIESTAS PATRIAS | C59: SAN MARTIN #12 | D59: TELA | E59: SERMAT BLANCO | F59: 0.683 | H59: =VLOOKUP(Tabla3[[#This Row],[DESCRIPCION MATERIAL]],'CODIGO MAT'!$C$2:$D$390,2,FALSE) -> TEL0000040 | J59: 1 | K59: 0 | L59: TEL0000191 | M59: insert into P_DFORM(CDG_PROD,CDG_CONP,CAN_PROD) VALUES(' | N59: =M59&Tabla3[[#This Row],[CODIGO PRODUCTO TERMINADO]]&"','"&L59&"',"&Tabla3[[#This Row],[CANTIDAD MATERIAL (M)]]&");" -> insert into P_DFORM(CDG_PROD,CDG_CONP,CAN_PROD) VALUES('FP06','TEL0000191',0.683);
A60: FP06 | B60: FIESTAS PATRIAS | C60: SAN MARTIN #12 | D60: TELA | E60: SERMAT AZULINO | F60: 0.9 | H60: =VLOOKUP(Tabla3[[#This Row],[DESCRIPCION MATERIAL]],'CODIGO MAT'!$C$2:$D$390,2,FALSE) -> TEL0000042 | J60: 1 | K60: 0 | L60: AVI0000034 | M60: insert into P_DFORM(CDG_PROD,CDG_CONP,CAN_PROD) VALUES(' | N60: =M60&Tabla3[[#This Row],[CODIGO PRODUCTO TERMINADO]]&"','"&L60&"',"&Tabla3[[#This Row],[CANTIDAD MATERIAL (M)]]&");" -> insert into P_DFORM(CDG_PROD,CDG_CONP,CAN_PROD) VALUES('FP06','AVI0000034',0.9);
A61: FP06 | B61: FIESTAS PATRIAS | C61: SAN MARTIN #12 | D61: TELA | E61: SERMAT LAMINADO AZULINO | F61: 0.11 | H61: =VLOOKUP(Tabla3[[#This Row],[DESCRIPCION MATERIAL]],'CODIGO MAT'!$C$2:$D$390,2,FALSE) -> TEL0000191 | J61: 1 | K61: 0 | L61: AVI0000039 | M61: insert into P_DFORM(CDG_PROD,CDG_CONP,CAN_PROD) VALUES(' | N61: =M61&Tabla3[[#This Row],[CODIGO PRODUCTO TERMINADO]]&"','"&L61&"',"&Tabla3[[#This Row],[CANTIDAD MATERIAL (M)]]&");" -> insert into P_DFORM(CDG_PROD,CDG_CONP,CAN_PROD) VALUES('FP06','AVI0000039',0.11);
A62: FP06 | B62: FIESTAS PATRIAS | C62: SAN MARTIN #12 | D62: AVIO | E62: GRECA TRINCHI DORADO | F62: 3.38 | H62: =VLOOKUP(Tabla3[[#This Row],[DESCRIPCION MATERIAL]],'CODIGO MAT'!$C$2:$D$390,2,FALSE) -> AVI0000034 | J62: 1 | K62: 0 | L62: AVI0000135 | M62: insert into P_DFORM(CDG_PROD,CDG_CONP,CAN_PROD) VALUES(' | N62: =M62&Tabla3[[#This Row],[CODIGO PRODUCTO TERMINADO]]&"','"&L62&"',"&Tabla3[[#This Row],[CANTIDAD MATERIAL (M)]]&");" -> insert into P_DFORM(CDG_PROD,CDG_CONP,CAN_PROD) VALUES('FP06','AVI0000135',3.38);
A63: FP06 | B63: FIESTAS PATRIAS | C63: SAN MARTIN #12 | D63: AVIO | E63: FLECO BANDERIN DORADO | F63: 0.51 | H63: =VLOOKUP(Tabla3[[#This Row],[DESCRIPCION MATERIAL]],'CODIGO MAT'!$C$2:$D$390,2,FALSE) -> AVI0000039 | J63: 1 | K63: 0 | L63: TEL0000102 | M63: insert into P_DFORM(CDG_PROD,CDG_CONP,CAN_PROD) VALUES(' | N63: =M63&Tabla3[[#This Row],[CODIGO PRODUCTO TERMINADO]]&"','"&L63&"',"&Tabla3[[#This Row],[CANTIDAD MATERIAL (M)]]&");" -> insert into P_DFORM(CDG_PROD,CDG_CONP,CAN_PROD) VALUES('FP06','TEL0000102',0.51);
A64: FP06 | B64: FIESTAS PATRIAS | C64: SAN MARTIN #12 | D64: AVIO | E64: BOTON ANCLA #28 DORADO | F64: 6 | H64: =VLOOKUP(Tabla3[[#This Row],[DESCRIPCION MATERIAL]],'CODIGO MAT'!$C$2:$D$390,2,FALSE) -> AVI0000135 | L64: AVI0000031 | M64: insert into P_DFORM(CDG_PROD,CDG_CONP,CAN_PROD) VALUES(' | N64: =M64&Tabla3[[#This Row],[CODIGO PRODUCTO TERMINADO]]&"','"&L64&"',"&Tabla3[[#This Row],[CANTIDAD MATERIAL (M)]]&");" -> insert into P_DFORM(CDG_PROD,CDG_CONP,CAN_PROD) VALUES('FP06','AVI0000031',6);
A65: FP06 | B65: FIESTAS PATRIAS | C65: SAN MARTIN #12 | D65: TELA | E65: LATEX LICRADO LAMINADO DORADO | F65: 0.012 | H65: =VLOOKUP(Tabla3[[#This Row],[DESCRIPCION MATERIAL]],'CODIGO MAT'!$C$2:$D$390,2,FALSE) -> TEL0000192 | L65: TEL0000149 | M65: insert into P_DFORM(CDG_PROD,CDG_CONP,CAN_PROD) VALUES(' | N65: =M65&Tabla3[[#This Row],[CODIGO PRODUCTO TERMINADO]]&"','"&L65&"',"&Tabla3[[#This Row],[CANTIDAD MATERIAL (M)]]&");" -> insert into P_DFORM(CDG_PROD,CDG_CONP,CAN_PROD) VALUES('FP06','TEL0000149',0.012);
A66: FP06 | B66: FIESTAS PATRIAS | C66: SAN MARTIN #12 | D66: AVIO | E66: GRECA 511 DORADO | F66: 0.31 | H66: =VLOOKUP(Tabla3[[#This Row],[DESCRIPCION MATERIAL]],'CODIGO MAT'!$C$2:$D$390,2,FALSE) -> AVI0000031 | L66: TEL0000040 | M66: insert into P_DFORM(CDG_PROD,CDG_CONP,CAN_PROD) VALUES(' | N66: =M66&Tabla3[[#This Row],[CODIGO PRODUCTO TERMINADO]]&"','"&L66&"',"&Tabla3[[#This Row],[CANTIDAD MATERIAL (M)]]&");" -> insert into P_DFORM(CDG_PROD,CDG_CONP,CAN_PROD) VALUES('FP06','TEL0000040',0.31);
A67: FP07 | B67: FIESTAS PATRIAS | C67: SAN MARTIN #14 | D67: TELA | E67: GASA DE 3MM | F67: 0.117 | H67: =VLOOKUP(Tabla3[[#This Row],[DESCRIPCION MATERIAL]],'CODIGO MAT'!$C$2:$D$390,2,FALSE) -> TEL0000149 | J67: 1 | K67: 0 | L67: TEL0000042 | M67: insert into P_DFORM(CDG_PROD,CDG_CONP,CAN_PROD) VALUES(' | N67: =M67&Tabla3[[#This Row],[CODIGO PRODUCTO TERMINADO]]&"','"&L67&"',"&Tabla3[[#This Row],[CANTIDAD MATERIAL (M)]]&");" -> insert into P_DFORM(CDG_PROD,CDG_CONP,CAN_PROD) VALUES('FP07','TEL0000042',0.117);
A68: FP07 | B68: FIESTAS PATRIAS | C68: SAN MARTIN#14 | D68: TELA | E68: SERMAT BLANCO | F68: 0.867 | H68: =VLOOKUP(Tabla3[[#This Row],[DESCRIPCION MATERIAL]],'CODIGO MAT'!$C$2:$D$390,2,FALSE) -> TEL0000040 | J68: 1 | K68: 0 | L68: TEL0000191 | M68: insert into P_DFORM(CDG_PROD,CDG_CONP,CAN_PROD) VALUES(' | N68: =M68&Tabla3[[#This Row],[CODIGO PRODUCTO TERMINADO]]&"','"&L68&"',"&Tabla3[[#This Row],[CANTIDAD MATERIAL (M)]]&");" -> insert into P_DFORM(CDG_PROD,CDG_CONP,CAN_PROD) VALUES('FP07','TEL0000191',0.867);
A69: FP07 | B69: FIESTAS PATRIAS | C69: SAN MARTIN #14 | D69: TELA | E69: SERMAT AZULINO | F69: 0.96 | H69: =VLOOKUP(Tabla3[[#This Row],[DESCRIPCION MATERIAL]],'CODIGO MAT'!$C$2:$D$390,2,FALSE) -> TEL0000042 | J69: 1 | K69: 0 | L69: AVI0000034 | M69: insert into P_DFORM(CDG_PROD,CDG_CONP,CAN_PROD) VALUES(' | N69: =M69&Tabla3[[#This Row],[CODIGO PRODUCTO TERMINADO]]&"','"&L69&"',"&Tabla3[[#This Row],[CANTIDAD MATERIAL (M)]]&");" -> insert into P_DFORM(CDG_PROD,CDG_CONP,CAN_PROD) VALUES('FP07','AVI0000034',0.96);
A70: FP07 | B70: FIESTAS PATRIAS | C70: SAN MARTIN #14 | D70: TELA | E70: SERMAT LAMINADO AZULINO | F70: 0.11 | H70: =VLOOKUP(Tabla3[[#This Row],[DESCRIPCION MATERIAL]],'CODIGO MAT'!$C$2:$D$390,2,FALSE) -> TEL0000191 | J70: 1 | K70: 0 | L70: AVI0000039 | M70: insert into P_DFORM(CDG_PROD,CDG_CONP,CAN_PROD) VALUES(' | N70: =M70&Tabla3[[#This Row],[CODIGO PRODUCTO TERMINADO]]&"','"&L70&"',"&Tabla3[[#This Row],[CANTIDAD MATERIAL (M)]]&");" -> insert into P_DFORM(CDG_PROD,CDG_CONP,CAN_PROD) VALUES('FP07','AVI0000039',0.11);
A71: FP07 | B71: FIESTAS PATRIAS | C71: SAN MARTIN #14 | D71: AVIO | E71: GRECA TRINCHI DORADO | F71: 3.44 | H71: =VLOOKUP(Tabla3[[#This Row],[DESCRIPCION MATERIAL]],'CODIGO MAT'!$C$2:$D$390,2,FALSE) -> AVI0000034 | J71: 1 | K71: 0 | L71: AVI0000135 | M71: insert into P_DFORM(CDG_PROD,CDG_CONP,CAN_PROD) VALUES(' | N71: =M71&Tabla3[[#This Row],[CODIGO PRODUCTO TERMINADO]]&"','"&L71&"',"&Tabla3[[#This Row],[CANTIDAD MATERIAL (M)]]&");" -> insert into P_DFORM(CDG_PROD,CDG_CONP,CAN_PROD) VALUES('FP07','AVI0000135',3.44);
A72: FP07 | B72: FIESTAS PATRIAS | C72: SAN MARTIN #14 | D72: AVIO | E72: FLECO BANDERIN DORADO | F72: 0.51 | H72: =VLOOKUP(Tabla3[[#This Row],[DESCRIPCION MATERIAL]],'CODIGO MAT'!$C$2:$D$390,2,FALSE) -> AVI0000039 | J72: 1 | K72: 0 | L72: TEL0000192 | M72: insert into P_DFORM(CDG_PROD,CDG_CONP,CAN_PROD) VALUES(' | N72: =M72&Tabla3[[#This Row],[CODIGO PRODUCTO TERMINADO]]&"','"&L72&"',"&Tabla3[[#This Row],[CANTIDAD MATERIAL (M)]]&");" -> insert into P_DFORM(CDG_PROD,CDG_CONP,CAN_PROD) VALUES('FP07','TEL0000192',0.51);
A73: FP07 | B73: FIESTAS PATRIAS | C73: SAN MARTIN #14 | D73: AVIO | E73: BOTON ANCLA #28 DORADO | F73: 6 | H73: =VLOOKUP(Tabla3[[#This Row],[DESCRIPCION MATERIAL]],'CODIGO MAT'!$C$2:$D$390,2,FALSE) -> AVI0000135 | L73: AVI0000031 | M73: insert into P_DFORM(CDG_PROD,CDG_CONP,CAN_PROD) VALUES(' | N73: =M73&Tabla3[[#This Row],[CODIGO PRODUCTO TERMINADO]]&"','"&L73&"',"&Tabla3[[#This Row],[CANTIDAD MATERIAL (M)]]&");" -> insert into P_DFORM(CDG_PROD,CDG_CONP,CAN_PROD) VALUES('FP07','AVI0000031',6);
A74: FP07 | B74: FIESTAS PATRIAS | C74: SAN MARTIN #14 | D74: TELA | E74: LATEX LICRADO LAMINADO DORADO | F74: 0.012 | H74: =VLOOKUP(Tabla3[[#This Row],[DESCRIPCION MATERIAL]],'CODIGO MAT'!$C$2:$D$390,2,FALSE) -> TEL0000192 | L74: TEL0000149 | M74: insert into P_DFORM(CDG_PROD,CDG_CONP,CAN_PROD) VALUES(' | N74: =M74&Tabla3[[#This Row],[CODIGO PRODUCTO TERMINADO]]&"','"&L74&"',"&Tabla3[[#This Row],[CANTIDAD MATERIAL (M)]]&");" -> insert into P_DFORM(CDG_PROD,CDG_CONP,CAN_PROD) VALUES('FP07','TEL0000149',0.012);
A75: FP07 | B75: FIESTAS PATRIAS | C75: SAN MARTIN #14 | D75: AVIO | E75: GRECA 511 DORADO | F75: 0.31 | H75: =VLOOKUP(Tabla3[[#This Row],[DESCRIPCION MATERIAL]],'CODIGO MAT'!$C$2:$D$390,2,FALSE) -> AVI0000031 | L75: TEL0000040 | M75: insert into P_DFORM(CDG_PROD,CDG_CONP,CAN_PROD) VALUES(' | N75: =M75&Tabla3[[#This Row],[CODIGO PRODUCTO TERMINADO]]&"','"&L75&"',"&Tabla3[[#This Row],[CANTIDAD MATERIAL (M)]]&");" -> insert into P_DFORM(CDG_PROD,CDG_CONP,CAN_PROD) VALUES('FP07','TEL0000040',0.31);
A76: FP08 | B76: FIESTAS PATRIAS | C76: SAN MARTIN #16 | D76: TELA | E76: GASA DE 3MM | F76: 0.117 | H76: =VLOOKUP(Tabla3[[#This Row],[DESCRIPCION MATERIAL]],'CODIGO MAT'!$C$2:$D$390,2,FALSE) -> TEL0000149 | J76: 1 | K76: 0 | L76: TEL0000041 | M76: insert into P_DFORM(CDG_PROD,CDG_CONP,CAN_PROD) VALUES(' | N76: =M76&Tabla3[[#This Row],[CODIGO PRODUCTO TERMINADO]]&"','"&L76&"',"&Tabla3[[#This Row],[CANTIDAD MATERIAL (M)]]&");" -> insert into P_DFORM(CDG_PROD,CDG_CONP,CAN_PROD) VALUES('FP08','TEL0000041',0.117);
A77: FP08 | B77: FIESTAS PATRIAS | C77: SAN MARTIN #16 | D77: TELA | E77: SERMAT BLANCO | F77: 0.933 | H77: =VLOOKUP(Tabla3[[#This Row],[DESCRIPCION MATERIAL]],'CODIGO MAT'!$C$2:$D$390,2,FALSE) -> TEL0000040 | J77: 1 | K77: 0 | L77: TEL0000043 | M77: insert into P_DFORM(CDG_PROD,CDG_CONP,CAN_PROD) VALUES(' | N77: =M77&Tabla3[[#This Row],[CODIGO PRODUCTO TERMINADO]]&"','"&L77&"',"&Tabla3[[#This Row],[CANTIDAD MATERIAL (M)]]&");" -> insert into P_DFORM(CDG_PROD,CDG_CONP,CAN_PROD) VALUES('FP08','TEL0000043',0.933);
A78: FP08 | B78: FIESTAS PATRIAS | C78: SAN MARTIN #16 | D78: TELA | E78: SERMAT AZULINO | F78: 1.04 | H78: =VLOOKUP(Tabla3[[#This Row],[DESCRIPCION MATERIAL]],'CODIGO MAT'!$C$2:$D$390,2,FALSE) -> TEL0000042 | J78: 1 | K78: 0 | L78: TEL0000068 | M78: insert into P_DFORM(CDG_PROD,CDG_CONP,CAN_PROD) VALUES(' | N78: =M78&Tabla3[[#This Row],[CODIGO PRODUCTO TERMINADO]]&"','"&L78&"',"&Tabla3[[#This Row],[CANTIDAD MATERIAL (M)]]&");" -> insert into P_DFORM(CDG_PROD,CDG_CONP,CAN_PROD) VALUES('FP08','TEL0000068',1.04);
A79: FP08 | B79: FIESTAS PATRIAS | C79: SAN MARTIN #16 | D79: TELA | E79: SERMAT LAMINADO AZULINO | F79: 0.11 | H79: =VLOOKUP(Tabla3[[#This Row],[DESCRIPCION MATERIAL]],'CODIGO MAT'!$C$2:$D$390,2,FALSE) -> TEL0000191 | J79: 1 | K79: 0 | L79: AVI0000039 | M79: insert into P_DFORM(CDG_PROD,CDG_CONP,CAN_PROD) VALUES(' | N79: =M79&Tabla3[[#This Row],[CODIGO PRODUCTO TERMINADO]]&"','"&L79&"',"&Tabla3[[#This Row],[CANTIDAD MATERIAL (M)]]&");" -> insert into P_DFORM(CDG_PROD,CDG_CONP,CAN_PROD) VALUES('FP08','AVI0000039',0.11);
A80: FP08 | B80: FIESTAS PATRIAS | C80: SAN MARTIN #16 | D80: AVIO | E80: GRECA TRINCHI DORADO | F80: 3.52 | H80: =VLOOKUP(Tabla3[[#This Row],[DESCRIPCION MATERIAL]],'CODIGO MAT'!$C$2:$D$390,2,FALSE) -> AVI0000034 | J80: 1 | K80: 0 | L80: AVI0000034 | M80: insert into P_DFORM(CDG_PROD,CDG_CONP,CAN_PROD) VALUES(' | N80: =M80&Tabla3[[#This Row],[CODIGO PRODUCTO TERMINADO]]&"','"&L80&"',"&Tabla3[[#This Row],[CANTIDAD MATERIAL (M)]]&");" -> insert into P_DFORM(CDG_PROD,CDG_CONP,CAN_PROD) VALUES('FP08','AVI0000034',3.52);
A81: FP08 | B81: FIESTAS PATRIAS | C81: SAN MARTIN #16 | D81: AVIO | E81: FLECO BANDERIN DORADO | F81: 0.51 | H81: =VLOOKUP(Tabla3[[#This Row],[DESCRIPCION MATERIAL]],'CODIGO MAT'!$C$2:$D$390,2,FALSE) -> AVI0000039 | J81: 1 | K81: 0 | L81: AVI0000031 | M81: insert into P_DFORM(CDG_PROD,CDG_CONP,CAN_PROD) VALUES(' | N81: =M81&Tabla3[[#This Row],[CODIGO PRODUCTO TERMINADO]]&"','"&L81&"',"&Tabla3[[#This Row],[CANTIDAD MATERIAL (M)]]&");" -> insert into P_DFORM(CDG_PROD,CDG_CONP,CAN_PROD) VALUES('FP08','AVI0000031',0.51);
A82: FP08 | B82: FIESTAS PATRIAS | C82: SAN MARTIN #16 | D82: AVIO | E82: BOTON ANCLA #28 DORADO | F82: 6 | H82: =VLOOKUP(Tabla3[[#This Row],[DESCRIPCION MATERIAL]],'CODIGO MAT'!$C$2:$D$390,2,FALSE) -> AVI0000135 | L82: AVI0000135 | M82: insert into P_DFORM(CDG_PROD,CDG_CONP,CAN_PROD) VALUES(' | N82: =M82&Tabla3[[#This Row],[CODIGO PRODUCTO TERMINADO]]&"','"&L82&"',"&Tabla3[[#This Row],[CANTIDAD MATERIAL (M)]]&");" -> insert into P_DFORM(CDG_PROD,CDG_CONP,CAN_PROD) VALUES('FP08','AVI0000135',6);
A83: FP08 | B83: FIESTAS PATRIAS | C83: SAN MARTIN #16 | D83: TELA | E83: LATEX LICRADO DORADO | F83: 0.12 | H83: =VLOOKUP(Tabla3[[#This Row],[DESCRIPCION MATERIAL]],'CODIGO MAT'!$C$2:$D$390,2,FALSE) -> TEL0000102 | L83: TEL0000192 | M83: insert into P_DFORM(CDG_PROD,CDG_CONP,CAN_PROD) VALUES(' | N83: =M83&Tabla3[[#This Row],[CODIGO PRODUCTO TERMINADO]]&"','"&L83&"',"&Tabla3[[#This Row],[CANTIDAD MATERIAL (M)]]&");" -> insert into P_DFORM(CDG_PROD,CDG_CONP,CAN_PROD) VALUES('FP08','TEL0000192',0.12);
A84: FP08 | B84: FIESTAS PATRIAS | C84: SAN MARTIN #16 | D84: AVIO | E84: GRECA 511 DORADO | F84: 0.31 | H84: =VLOOKUP(Tabla3[[#This Row],[DESCRIPCION MATERIAL]],'CODIGO MAT'!$C$2:$D$390,2,FALSE) -> AVI0000031 | L84: AVI0000144 | M84: insert into P_DFORM(CDG_PROD,CDG_CONP,CAN_PROD) VALUES(' | N84: =M84&Tabla3[[#This Row],[CODIGO PRODUCTO TERMINADO]]&"','"&L84&"',"&Tabla3[[#This Row],[CANTIDAD MATERIAL (M)]]&");" -> insert into P_DFORM(CDG_PROD,CDG_CONP,CAN_PROD) VALUES('FP08','AVI0000144',0.31);
A85: FP10 | B85: FIESTAS PATRIAS | C85: SAN MARTIN #AD | D85: TELA | E85: GASA DE 3MM | F85: 0.135 | H85: =VLOOKUP(Tabla3[[#This Row],[DESCRIPCION MATERIAL]],'CODIGO MAT'!$C$2:$D$390,2,FALSE) -> TEL0000149 | J85: 1 | K85: 0 | L85: TEL0000149 | M85: insert into P_DFORM(CDG_PROD,CDG_CONP,CAN_PROD) VALUES(' | N85: =M85&Tabla3[[#This Row],[CODIGO PRODUCTO TERMINADO]]&"','"&L85&"',"&Tabla3[[#This Row],[CANTIDAD MATERIAL (M)]]&");" -> insert into P_DFORM(CDG_PROD,CDG_CONP,CAN_PROD) VALUES('FP10','TEL0000149',0.135);
A86: FP10 | B86: FIESTAS PATRIAS | C86: SAN MARTIN #AD | D86: TELA | E86: SERMAT BLANCO | F86: 0.93 | H86: =VLOOKUP(Tabla3[[#This Row],[DESCRIPCION MATERIAL]],'CODIGO MAT'!$C$2:$D$390,2,FALSE) -> TEL0000040 | J86: 1 | K86: 0 | L86: TEL0000040 | M86: insert into P_DFORM(CDG_PROD,CDG_CONP,CAN_PROD) VALUES(' | N86: =M86&Tabla3[[#This Row],[CODIGO PRODUCTO TERMINADO]]&"','"&L86&"',"&Tabla3[[#This Row],[CANTIDAD MATERIAL (M)]]&");" -> insert into P_DFORM(CDG_PROD,CDG_CONP,CAN_PROD) VALUES('FP10','TEL0000040',0.93);
A87: FP10 | B87: FIESTAS PATRIAS | C87: SAN MARTIN #AD | D87: TELA | E87: SERMAT AZULINO | F87: 1.21 | H87: =VLOOKUP(Tabla3[[#This Row],[DESCRIPCION MATERIAL]],'CODIGO MAT'!$C$2:$D$390,2,FALSE) -> TEL0000042 | J87: 1 | K87: 0 | L87: TEL0000041 | M87: insert into P_DFORM(CDG_PROD,CDG_CONP,CAN_PROD) VALUES(' | N87: =M87&Tabla3[[#This Row],[CODIGO PRODUCTO TERMINADO]]&"','"&L87&"',"&Tabla3[[#This Row],[CANTIDAD MATERIAL (M)]]&");" -> insert into P_DFORM(CDG_PROD,CDG_CONP,CAN_PROD) VALUES('FP10','TEL0000041',1.21);
A88: FP10 | B88: FIESTAS PATRIAS | C88: SAN MARTIN #AD | D88: TELA | E88: SERMAT LAMINADO AZULINO | F88: 0.19 | H88: =VLOOKUP(Tabla3[[#This Row],[DESCRIPCION MATERIAL]],'CODIGO MAT'!$C$2:$D$390,2,FALSE) -> TEL0000191 | J88: 1 | K88: 0 | L88: TEL0000043 | M88: insert into P_DFORM(CDG_PROD,CDG_CONP,CAN_PROD) VALUES(' | N88: =M88&Tabla3[[#This Row],[CODIGO PRODUCTO TERMINADO]]&"','"&L88&"',"&Tabla3[[#This Row],[CANTIDAD MATERIAL (M)]]&");" -> insert into P_DFORM(CDG_PROD,CDG_CONP,CAN_PROD) VALUES('FP10','TEL0000043',0.19);
A89: FP10 | B89: FIESTAS PATRIAS | C89: SAN MARTIN #AD | D89: AVIO | E89: GRECA TRINCHI DORADO | F89: 3.8 | H89: =VLOOKUP(Tabla3[[#This Row],[DESCRIPCION MATERIAL]],'CODIGO MAT'!$C$2:$D$390,2,FALSE) -> AVI0000034 | J89: 1 | K89: 0 | L89: TEL0000068 | M89: insert into P_DFORM(CDG_PROD,CDG_CONP,CAN_PROD) VALUES(' | N89: =M89&Tabla3[[#This Row],[CODIGO PRODUCTO TERMINADO]]&"','"&L89&"',"&Tabla3[[#This Row],[CANTIDAD MATERIAL (M)]]&");" -> insert into P_DFORM(CDG_PROD,CDG_CONP,CAN_PROD) VALUES('FP10','TEL0000068',3.8);
A90: FP10 | B90: FIESTAS PATRIAS | C90: SAN MARTIN #AD | D90: AVIO | E90: FLECO BANDERIN DORADO | F90: 0.6 | H90: =VLOOKUP(Tabla3[[#This Row],[DESCRIPCION MATERIAL]],'CODIGO MAT'!$C$2:$D$390,2,FALSE) -> AVI0000039 | J90: 1 | K90: 0 | L90: AVI0000039 | M90: insert into P_DFORM(CDG_PROD,CDG_CONP,CAN_PROD) VALUES(' | N90: =M90&Tabla3[[#This Row],[CODIGO PRODUCTO TERMINADO]]&"','"&L90&"',"&Tabla3[[#This Row],[CANTIDAD MATERIAL (M)]]&");" -> insert into P_DFORM(CDG_PROD,CDG_CONP,CAN_PROD) VALUES('FP10','AVI0000039',0.6);
A91: FP10 | B91: FIESTAS PATRIAS | C91: SAN MARTIN #AD | D91: AVIO | E91: BOTON ANCLA #28 DORADO | F91: 6 | H91: =VLOOKUP(Tabla3[[#This Row],[DESCRIPCION MATERIAL]],'CODIGO MAT'!$C$2:$D$390,2,FALSE) -> AVI0000135 | L91: AVI0000034 | M91: insert into P_DFORM(CDG_PROD,CDG_CONP,CAN_PROD) VALUES(' | N91: =M91&Tabla3[[#This Row],[CODIGO PRODUCTO TERMINADO]]&"','"&L91&"',"&Tabla3[[#This Row],[CANTIDAD MATERIAL (M)]]&");" -> insert into P_DFORM(CDG_PROD,CDG_CONP,CAN_PROD) VALUES('FP10','AVI0000034',6);
A92: FP10 | B92: FIESTAS PATRIAS | C92: SAN MARTIN #AD | D92: TELA | E92: LATEX LICRADO LAMINADO DORADO | F92: 0.018 | H92: =VLOOKUP(Tabla3[[#This Row],[DESCRIPCION MATERIAL]],'CODIGO MAT'!$C$2:$D$390,2,FALSE) -> TEL0000192 | L92: AVI0000031 | M92: insert into P_DFORM(CDG_PROD,CDG_CONP,CAN_PROD) VALUES(' | N92: =M92&Tabla3[[#This Row],[CODIGO PRODUCTO TERMINADO]]&"','"&L92&"',"&Tabla3[[#This Row],[CANTIDAD MATERIAL (M)]]&");" -> insert into P_DFORM(CDG_PROD,CDG_CONP,CAN_PROD) VALUES('FP10','AVI0000031',0.018);
A93: FP10 | B93: FIESTAS PATRIAS | C93: SAN MARTIN #AD | D93: AVIO | E93: GRECA 511 DORADO | F93: 0.85 | H93: =VLOOKUP(Tabla3[[#This Row],[DESCRIPCION MATERIAL]],'CODIGO MAT'!$C$2:$D$390,2,FALSE) -> AVI0000031 | L93: AVI0000135 | M93: insert into P_DFORM(CDG_PROD,CDG_CONP,CAN_PROD) VALUES(' | N93: =M93&Tabla3[[#This Row],[CODIGO PRODUCTO TERMINADO]]&"','"&L93&"',"&Tabla3[[#This Row],[CANTIDAD MATERIAL (M)]]&");" -> insert into P_DFORM(CDG_PROD,CDG_CONP,CAN_PROD) VALUES('FP10','AVI0000135',0.85);
A94: PF12 | B94: FIESTAS PATRIAS | C94: BOLIVAR #4 | D94: TELA | E94: GASA DE 3MM | F94: 0.056 | H94: =VLOOKUP(Tabla3[[#This Row],[DESCRIPCION MATERIAL]],'CODIGO MAT'!$C$2:$D$390,2,FALSE) -> TEL0000149 | J94: 1 | K94: 0 | L94: TEL0000192 | M94: insert into P_DFORM(CDG_PROD,CDG_CONP,CAN_PROD) VALUES(' | N94: =M94&Tabla3[[#This Row],[CODIGO PRODUCTO TERMINADO]]&"','"&L94&"',"&Tabla3[[#This Row],[CANTIDAD MATERIAL (M)]]&");" -> insert into P_DFORM(CDG_PROD,CDG_CONP,CAN_PROD) VALUES('PF12','TEL0000192',0.056);
A95: FP12 | B95: FIESTAS PATRIAS | C95: BOLIVAR #4 | D95: TELA | E95: SERMAT BLANCO | F95: 0.4 | H95: =VLOOKUP(Tabla3[[#This Row],[DESCRIPCION MATERIAL]],'CODIGO MAT'!$C$2:$D$390,2,FALSE) -> TEL0000040 | J95: 1 | K95: 0 | L95: AVI0000144 | M95: insert into P_DFORM(CDG_PROD,CDG_CONP,CAN_PROD) VALUES(' | N95: =M95&Tabla3[[#This Row],[CODIGO PRODUCTO TERMINADO]]&"','"&L95&"',"&Tabla3[[#This Row],[CANTIDAD MATERIAL (M)]]&");" -> insert into P_DFORM(CDG_PROD,CDG_CONP,CAN_PROD) VALUES('FP12','AVI0000144',0.4);
A96: FP12 | B96: FIESTAS PATRIAS | C96: BOLIVAR #4 | D96: TELA | E96: SERMAT AZUL | F96: 0.375 | H96: =VLOOKUP(Tabla3[[#This Row],[DESCRIPCION MATERIAL]],'CODIGO MAT'!$C$2:$D$390,2,FALSE) -> TEL0000041 | J96: 1 | K96: 0 | L96: TEL0000149 | M96: insert into P_DFORM(CDG_PROD,CDG_CONP,CAN_PROD) VALUES(' | N96: =M96&Tabla3[[#This Row],[CODIGO PRODUCTO TERMINADO]]&"','"&L96&"',"&Tabla3[[#This Row],[CANTIDAD MATERIAL (M)]]&");" -> insert into P_DFORM(CDG_PROD,CDG_CONP,CAN_PROD) VALUES('FP12','TEL0000149',0.375);
A97: FP12 | B97: FIESTAS PATRIAS | C97: BOLIVAR #4 | D97: TELA | E97: SERMAT ROJO | F97: 0.125 | H97: =VLOOKUP(Tabla3[[#This Row],[DESCRIPCION MATERIAL]],'CODIGO MAT'!$C$2:$D$390,2,FALSE) -> TEL0000043 | J97: 1 | K97: 0 | L97: TEL0000040 | M97: insert into P_DFORM(CDG_PROD,CDG_CONP,CAN_PROD) VALUES(' | N97: =M97&Tabla3[[#This Row],[CODIGO PRODUCTO TERMINADO]]&"','"&L97&"',"&Tabla3[[#This Row],[CANTIDAD MATERIAL (M)]]&");" -> insert into P_DFORM(CDG_PROD,CDG_CONP,CAN_PROD) VALUES('FP12','TEL0000040',0.125);
A98: FP12 | B98: FIESTAS PATRIAS | C98: BOLIVAR #4 | D98: TELA | E98: SERMAT LAMINADO AZUL | F98: 0.11 | H98: =VLOOKUP(Tabla3[[#This Row],[DESCRIPCION MATERIAL]],'CODIGO MAT'!$C$2:$D$390,2,FALSE) -> TEL0000068 | J98: 1 | K98: 0 | L98: TEL0000041 | M98: insert into P_DFORM(CDG_PROD,CDG_CONP,CAN_PROD) VALUES(' | N98: =M98&Tabla3[[#This Row],[CODIGO PRODUCTO TERMINADO]]&"','"&L98&"',"&Tabla3[[#This Row],[CANTIDAD MATERIAL (M)]]&");" -> insert into P_DFORM(CDG_PROD,CDG_CONP,CAN_PROD) VALUES('FP12','TEL0000041',0.11);
A99: FP12 | B99: FIESTAS PATRIAS | C99: BOLIVAR #4 | D99: AVIO | E99: FLECO BANDERIN DORADO | F99: 0.51 | H99: =VLOOKUP(Tabla3[[#This Row],[DESCRIPCION MATERIAL]],'CODIGO MAT'!$C$2:$D$390,2,FALSE) -> AVI0000039 | J99: 1 | K99: 0 | L99: TEL0000043 | M99: insert into P_DFORM(CDG_PROD,CDG_CONP,CAN_PROD) VALUES(' | N99: =M99&Tabla3[[#This Row],[CODIGO PRODUCTO TERMINADO]]&"','"&L99&"',"&Tabla3[[#This Row],[CANTIDAD MATERIAL (M)]]&");" -> insert into P_DFORM(CDG_PROD,CDG_CONP,CAN_PROD) VALUES('FP12','TEL0000043',0.51);
A100: FP12 | B100: FIESTAS PATRIAS | C100: BOLIVAR #4 | D100: AVIO | E100: GRECA TRINCHI DORADO | F100: 2.22 | H100: =VLOOKUP(Tabla3[[#This Row],[DESCRIPCION MATERIAL]],'CODIGO MAT'!$C$2:$D$390,2,FALSE) -> AVI0000034 | J100: 1 | K100: 0 | L100: TEL0000068 | M100: insert into P_DFORM(CDG_PROD,CDG_CONP,CAN_PROD) VALUES(' | N100: =M100&Tabla3[[#This Row],[CODIGO PRODUCTO TERMINADO]]&"','"&L100&"',"&Tabla3[[#This Row],[CANTIDAD MATERIAL (M)]]&");" -> insert into P_DFORM(CDG_PROD,CDG_CONP,CAN_PROD) VALUES('FP12','TEL0000068',2.22);
A101: FP12 | B101: FIESTAS PATRIAS | C101: BOLIVAR #4 | D101: AVIO | E101: GRECA 511 DORADO | F101: 1.56 | H101: =VLOOKUP(Tabla3[[#This Row],[DESCRIPCION MATERIAL]],'CODIGO MAT'!$C$2:$D$390,2,FALSE) -> AVI0000031 | J101: 1 | K101: 0 | L101: AVI0000039 | M101: insert into P_DFORM(CDG_PROD,CDG_CONP,CAN_PROD) VALUES(' | N101: =M101&Tabla3[[#This Row],[CODIGO PRODUCTO TERMINADO]]&"','"&L101&"',"&Tabla3[[#This Row],[CANTIDAD MATERIAL (M)]]&");" -> insert into P_DFORM(CDG_PROD,CDG_CONP,CAN_PROD) VALUES('FP12','AVI0000039',1.56);
A102: FP12 | B102: FIESTAS PATRIAS | C102: BOLIVAR #4 | D102: AVIO | E102: BOTON ANCLA #28 DORADO | F102: 2 | H102: =VLOOKUP(Tabla3[[#This Row],[DESCRIPCION MATERIAL]],'CODIGO MAT'!$C$2:$D$390,2,FALSE) -> AVI0000135 | L102: AVI0000034 | M102: insert into P_DFORM(CDG_PROD,CDG_CONP,CAN_PROD) VALUES(' | N102: =M102&Tabla3[[#This Row],[CODIGO PRODUCTO TERMINADO]]&"','"&L102&"',"&Tabla3[[#This Row],[CANTIDAD MATERIAL (M)]]&");" -> insert into P_DFORM(CDG_PROD,CDG_CONP,CAN_PROD) VALUES('FP12','AVI0000034',2);
A103: FP12 | B103: FIESTAS PATRIAS | C103: BOLIVAR #4 | D103: TELA | E103: LATEX LICRADO LAMINADO DORADO | F103: 0.012 | H103: =VLOOKUP(Tabla3[[#This Row],[DESCRIPCION MATERIAL]],'CODIGO MAT'!$C$2:$D$390,2,FALSE) -> TEL0000192 | L103: AVI0000031 | M103: insert into P_DFORM(CDG_PROD,CDG_CONP,CAN_PROD) VALUES(' | N103: =M103&Tabla3[[#This Row],[CODIGO PRODUCTO TERMINADO]]&"','"&L103&"',"&Tabla3[[#This Row],[CANTIDAD MATERIAL (M)]]&");" -> insert into P_DFORM(CDG_PROD,CDG_CONP,CAN_PROD) VALUES('FP12','AVI0000031',0.012);
A104: FP12 | B104: FIESTAS PATRIAS | C104: BOLIVAR #4 | D104: AVIO | E104: FLECO COLA DE RATA #5 DORADO | F104: 0.31 | H104: =VLOOKUP(Tabla3[[#This Row],[DESCRIPCION MATERIAL]],'CODIGO MAT'!$C$2:$D$390,2,FALSE) -> AVI0000144 | L104: AVI0000135 | M104: insert into P_DFORM(CDG_PROD,CDG_CONP,CAN_PROD) VALUES(' | N104: =M104&Tabla3[[#This Row],[CODIGO PRODUCTO TERMINADO]]&"','"&L104&"',"&Tabla3[[#This Row],[CANTIDAD MATERIAL (M)]]&");" -> insert into P_DFORM(CDG_PROD,CDG_CONP,CAN_PROD) VALUES('FP12','AVI0000135',0.31);
A105: FP13 | B105: FIESTAS PATRIAS | C105: BOLIVAR #6 | D105: TELA | E105: GASA DE 3MM | F105: 0.056 | H105: =VLOOKUP(Tabla3[[#This Row],[DESCRIPCION MATERIAL]],'CODIGO MAT'!$C$2:$D$390,2,FALSE) -> TEL0000149 | J105: 1 | K105: 0 | L105: TEL0000192 | M105: insert into P_DFORM(CDG_PROD,CDG_CONP,CAN_PROD) VALUES(' | N105: =M105&Tabla3[[#This Row],[CODIGO PRODUCTO TERMINADO]]&"','"&L105&"',"&Tabla3[[#This Row],[CANTIDAD MATERIAL (M)]]&");" -> insert into P_DFORM(CDG_PROD,CDG_CONP,CAN_PROD) VALUES('FP13','TEL0000192',0.056);
A106: FP13 | B106: FIESTAS PATRIAS | C106: BOLIVAR #6 | D106: TELA | E106: SERMAT BLANCO | F106: 0.452 | H106: =VLOOKUP(Tabla3[[#This Row],[DESCRIPCION MATERIAL]],'CODIGO MAT'!$C$2:$D$390,2,FALSE) -> TEL0000040 | J106: 1 | K106: 0 | L106: AVI0000144 | M106: insert into P_DFORM(CDG_PROD,CDG_CONP,CAN_PROD) VALUES(' | N106: =M106&Tabla3[[#This Row],[CODIGO PRODUCTO TERMINADO]]&"','"&L106&"',"&Tabla3[[#This Row],[CANTIDAD MATERIAL (M)]]&");" -> insert into P_DFORM(CDG_PROD,CDG_CONP,CAN_PROD) VALUES('FP13','AVI0000144',0.452);
...

Sheet MATERIALES
B1: MATERIALES | E1: CON IGV
B2: CATEGORIA | C2: MATERIALES | D2: UNIDAD DE COMPRA | E2: PRECIO | F2: Columna1 | G2: UNIDAD
B3: INSUMOS | C3: BARNIS | D3: Kg | E3: 60 | F3: 1 | G3: kg
B4: INSUMOS | C4: BASE BB BLANCO | D4: Kg | E4: 16 | F4: 1 | G4: kg
B5: TELA | C5: BIOCUERO P APLICACIÓN DORADO | D5: m | E5: 12 | F5: 1 | G5: =IFERROR(VLOOKUP(T_Materiales[[#This Row],[UNIDAD DE COMPRA]],#REF!,3,0),"")
B6: TELA | C6: BIOCUERO P APLICACIÓN PLATEADO | D6: m | E6: 12 | F6: 1 | G6: =IFERROR(VLOOKUP(T_Materiales[[#This Row],[UNIDAD DE COMPRA]],#REF!,3,0),"")
B7: TELA | C7: BIOCUERO P ESTAMPAR DORADO | D7: m | E7: 15 | F7: 1 | G7: =IFERROR(VLOOKUP(T_Materiales[[#This Row],[UNIDAD DE COMPRA]],#REF!,3,0),"")
B8: TELA | C8: BIOCUERO P ESTAMPAR PLATEADO | D8: m | E8: 15 | F8: 1 | G8: =IFERROR(VLOOKUP(T_Materiales[[#This Row],[UNIDAD DE COMPRA]],#REF!,3,0),"")
B9: AVIOS | C9: BLONDA CHAVELA BLANCA | D9: m | E9: 4 | F9: 1 | G9: =IFERROR(VLOOKUP(T_Materiales[[#This Row],[UNIDAD DE COMPRA]],#REF!,3,0),"")
B10: AVIOS | C10: BLONDA SABROSA BLANCA | D10: Rollo (m) | E10: 50 | F10: 1 | G10: =IFERROR(VLOOKUP(T_Materiales[[#This Row],[UNIDAD DE COMPRA]],#REF!,3,0),"")
B11: AVIOS | C11: BOTON LENTEJA #28 GUINDA | D11: mazo | E11: 60 | F11: 1 | G11: unidad
B12: AVIOS | C12: BOTON ANCLA #28 DORADO | D12: Millar | E12: 50 | F12: 1 | G12: =IFERROR(VLOOKUP(T_Materiales[[#This Row],[UNIDAD DE COMPRA]],#REF!,3,0),"")
B13: AVIOS | C13: BOTON ANCLA #32 DORADO | D13: Millar | E13: 75 | F13: 1 | G13: =IFERROR(VLOOKUP(T_Materiales[[#This Row],[UNIDAD DE COMPRA]],#REF!,3,0),"")
B14: AVIOS | C14: BOTON DORADO #24 | D14: Millar | E14: 30 | F14: 1 | G14: =IFERROR(VLOOKUP(T_Materiales[[#This Row],[UNIDAD DE COMPRA]],#REF!,3,0),"")
B15: AVIOS | C15: BOTON DORADO #28 | D15: Millar | E15: 45 | F15: 1 | G15: =IFERROR(VLOOKUP(T_Materiales[[#This Row],[UNIDAD DE COMPRA]],#REF!,3,0),"")
B16: AVIOS | C16: BOTON DORADO #34 DORADO | D16: Millar | E16: 65 | F16: 1 | G16: =IFERROR(VLOOKUP(T_Materiales[[#This Row],[UNIDAD DE COMPRA]],#REF!,3,0),"")
B17: AVIOS | C17: BOTON DORADO HONGUITO #34 | D17: Millar | E17: 85 | F17: 1 | G17: =IFERROR(VLOOKUP(T_Materiales[[#This Row],[UNIDAD DE COMPRA]],#REF!,3,0),"")
B18: AVIOS | C18: BOTON LENTEJA #28 AMARILLO BRAZIL | D18: Mazo | E18: 60 | F18: 1 | G18: =IFERROR(VLOOKUP(T_Materiales[[#This Row],[UNIDAD DE COMPRA]],#REF!,3,0),"")
B19: AVIOS | C19: BOTON LENTEJA #28 AMARILLO ORO | D19: Mazo | E19: 60 | F19: 1 | G19: unidad
B20: AVIOS | C20: BOTON LENTEJA #28 AZUL | D20: Mazo | E20: 60 | F20: 1 | G20: =IFERROR(VLOOKUP(T_Materiales[[#This Row],[UNIDAD DE COMPRA]],#REF!,3,0),"")
B21: AVIOS | C21: BOTON LENTEJA #28 AZULINO | D21: Mazo | E21: 60 | F21: 1 | G21: =IFERROR(VLOOKUP(T_Materiales[[#This Row],[UNIDAD DE COMPRA]],#REF!,3,0),"")
B22: AVIOS | C22: BOTON LENTEJA #28 BLANCO | D22: Mazo | E22: 60 | F22: 1 | G22: =IFERROR(VLOOKUP(T_Materiales[[#This Row],[UNIDAD DE COMPRA]],#REF!,3,0),"")
B23: AVIOS | C23: BOTON LENTEJA #28 FUXIA | D23: Mazo | E23: 60 | F23: 1 | G23: =IFERROR(VLOOKUP(T_Materiales[[#This Row],[UNIDAD DE COMPRA]],#REF!,3,0),"")
B24: AVIOS | C24: BOTON LENTEJA #28 ROJO | D24: Mazo | E24: 60 | F24: 1 | G24: =IFERROR(VLOOKUP(T_Materiales[[#This Row],[UNIDAD DE COMPRA]],#REF!,3,0),"")
B25: AVIOS | C25: BOTON LENTEJA #28 ROSADO | D25: Mazo | E25: 60 | F25: 1 | G25: =IFERROR(VLOOKUP(T_Materiales[[#This Row],[UNIDAD DE COMPRA]],#REF!,3,0),"")
B26: AVIOS | C26: BOTON LENTEJA #28 TURQUEZA | D26: Mazo | E26: 60 | F26: 1 | G26: =IFERROR(VLOOKUP(T_Materiales[[#This Row],[UNIDAD DE COMPRA]],#REF!,3,0),"")
B27: AVIOS | C27: BOTON LENTEJA #28 VERDE MANZANA | D27: Mazo | E27: 60 | F27: 1 | G27: =IFERROR(VLOOKUP(T_Materiales[[#This Row],[UNIDAD DE COMPRA]],#REF!,3,0),"")
B28: AVIOS | C28: BOTON LENTEJA #34 AMARILLO BRAZIL | D28: Mazo | E28: 60 | F28: 1 | G28: =IFERROR(VLOOKUP(T_Materiales[[#This Row],[UNIDAD DE COMPRA]],#REF!,3,0),"")
B29: AVIOS | C29: BOTON LENTEJA #34 ROJO | D29: Mazo | E29: 60 | F29: 1 | G29: =IFERROR(VLOOKUP(T_Materiales[[#This Row],[UNIDAD DE COMPRA]],#REF!,3,0),"")
B30: AVIOS | C30: BOTON PARA EVILLA | D30: Ciento | E30: 8 | F30: 1 | G30: =IFERROR(VLOOKUP(T_Materiales[[#This Row],[UNIDAD DE COMPRA]],#REF!,3,0),"")
B31: TELA | C31: BROCADO AMARILLO BRAZIL | D31: m | E31: 5 | F31: 1 | G31: =IFERROR(VLOOKUP(T_Materiales[[#This Row],[UNIDAD DE COMPRA]],#REF!,3,0),"")
... B70: AVIOS | C70: CINTA SATINADA 1CM VERDE LORO | D70: pieza | E70: 1.2 | F70: 1 | G70: =IFERROR(VLOOKUP(T_Materiales[[#This Row],[UNIDAD DE COMPRA]],#REF!,3,0),"")
B71: AVIOS | C71: CINTA SATINADA 2.5CM AMARILLO BRAZIL | D71: Rollo (m) | E71: 0.17 | F71: 1 | G71: =IFERROR(VLOOKUP(T_Materiales[[#This Row],[UNIDAD DE COMPRA]],[2]!T_Equivalencias[#All],3,0),"")
B72: AVIOS | C72: CINTA SATINADA 2.5CM AMARILLO ORO | D72: Rollo (m) | E72: 0.17 | F72: 1 | G72: =IFERROR(VLOOKUP(T_Materiales[[#This Row],[UNIDAD DE COMPRA]],#REF!,3,0),"")
B73: AVIOS | C73: CINTA SATINADA 2.5CM BLANCO | D73: Rollo (m) | E73: 0.17 | F73: 1 | G73: =IFERROR(VLOOKUP(T_Materiales[[#This Row],[UNIDAD DE COMPRA]],#REF!,3,0),"")
B74: AVIOS | C74: CINTA SATINADA 2.5CM ROJO | D74: Rollo (m) | E74: 0.17 | F74: 1 | G74: =IFERROR(VLOOKUP(T_Materiales[[#This Row],[UNIDAD DE COMPRA]],#REF!,3,0),"")
B75: AVIOS | C75: CINTA SATINADA 2.5CM VERDE LORO | D75: Rollo (m) | E75: 0.17 | F75: 1 | G75: =IFERROR(VLOOKUP(T_Materiales[[#This Row],[UNIDAD DE COMPRA]],#REF!,3,0),"")
B76: AVIOS | C76: CINTA SATINADA 4CM AMARILLO BRAZIL | D76: Rollo (m) | E76: 0.26 | F76: 1 | G76: =IFERROR(VLOOKUP(T_Materiales[[#This Row],[UNIDAD DE COMPRA]],#REF!,3,0),"")
B77: AVIOS | C77: CINTA SATINADA DE 7MM AM ORO | D77: pieza | E77: 1 | F77: 1 | G77: =IFERROR(VLOOKUP(T_Materiales[[#This Row],[UNIDAD DE COMPRA]],#REF!,3,0),"")
B78: AVIOS | C78: CINTA SATINADA DE 7MM BEIGE | D78: pieza | E78: 1 | F78: 1 | G78: =IFERROR(VLOOKUP(T_Materiales[[#This Row],[UNIDAD DE COMPRA]],#REF!,3,0),"")
B79: AVIOS | C79: CINTA SATINADA DE 7MM BLANCO | D79: pieza | E79: 0.1 | F79: 1 | G79: =IFERROR(VLOOKUP(T_Materiales[[#This Row],[UNIDAD DE COMPRA]],#REF!,3,0),"")
B80: AVIOS | C80: CINTA SATINADA DE 7MM CREMA | D80: pieza | E80: 1 | F80: 1 | G80: =IFERROR(VLOOKUP(T_Materiales[[#This Row],[UNIDAD DE COMPRA]],#REF!,3,0),"")
B81: AVIOS | C81: CINTA SATINADA DE 7MM DORADO | D81: pieza | E81: 1 | F81: 1 | G81: =IFERROR(VLOOKUP(T_Materiales[[#This Row],[UNIDAD DE COMPRA]],#REF!,3,0),"")
B82: AVIOS | C82: CINTA SATINADA DE 7MM FUXIA | D82: pieza | E82: 1 | F82: 1 | G82: =IFERROR(VLOOKUP(T_Materiales[[#This Row],[UNIDAD DE COMPRA]],#REF!,3,0),"")
B83: AVIOS | C83: CINTA SATINADA DE 7MM PERLA | D83: pieza | E83: 1 | F83: 1 | G83: =IFERROR(VLOOKUP(T_Materiales[[#This Row],[UNIDAD DE COMPRA]],#REF!,3,0),"")
... B102: AVIOS | C102: COLA RATA EN MADEJA ROJO | D102: Madeja | E102: 0.1 | F102: 1 | G102: =IFERROR(VLOOKUP(T_Materiales[[#This Row],[UNIDAD DE COMPRA]],#REF!,3,0),"")
B103: INSUMOS | C103: COPAJE SINTETICO | D103: Kg | E103: 6 | F103: 1 | G103: kg
B104: AVIOS | C104: CORDON #4 AZULINO | D104: Madeja | E104: 0.78 | F104: 1 | G104: =IFERROR(VLOOKUP(T_Materiales[[#This Row],[UNIDAD DE COMPRA]],#REF!,3,0),"")
B105: AVIOS | C105: CORDON #4 DORADO | D105: Madeja | E105: 0.67 | F105: 1 | G105: =IFERROR(VLOOKUP(T_Materiales[[#This Row],[UNIDAD DE COMPRA]],#REF!,3,0),"")
B106: TELA | C106: COROSPUM AMARILLO ORO | D106: m | E106: 7.5 | F106: 1 | G106: =IFERROR(VLOOKUP(T_Materiales[[#This Row],[UNIDAD DE COMPRA]],#REF!,3,0),"")
B107: TELA | C107: COROSPUM AZULINO | D107: m | E107: 7.5 | F107: 1 | G107: =IFERROR(VLOOKUP(T_Materiales[[#This Row],[UNIDAD DE COMPRA]],#REF!,3,0),"")
B108: TELA | C108: COROSPUM BLANCO | D108: m | E108: 7.5 | F108: 1 | G108: =IFERROR(VLOOKUP(T_Materiales[[#This Row],[UNIDAD DE COMPRA]],#REF!,3,0),"")
B109: TELA | C109: COROSPUM ROJO | D109: m | E109: 7.5 | F109: 1 | G109: =IFERROR(VLOOKUP(T_Materiales[[#This Row],[UNIDAD DE COMPRA]],#REF!,3,0),"")
B110: AVIOS | C110: CORREA DE MOCHILA DE 4CM | D110: Disco | E110: 0.28 | F110: 1 | G110: =IFERROR(VLOOKUP(T_Materiales[[#This Row],[UNIDAD DE COMPRA]],#REF!,3,0),"")
B111: AVIOS | C111: CORREA DE MOCHILA DE 2,5CM | D111: Disco | E111: 0.2 | F111: 1 | G111: =IFERROR(VLOOKUP(T_Materiales[[#This Row],[UNIDAD DE COMPRA]],#REF!,3,0),"")
B112: AVIOS | C112: ELASTICO NEGRO 6CM | D112: Disco | E112: 0.86 | F112: 1 | G112: =IFERROR(VLOOKUP(T_Materiales[[#This Row],[UNIDAD DE COMPRA]],#REF!,3,0),"")
B113: AVIOS | C113: ELASTICO PILI | D113: m | E113: 0.175 | F113: 1 | G113: m
B114: AVIOS | C114: ELASTICO POLIESTER DE 5CM | D114: Disco | E114: 0.75 | F114: 1 | G114: =IFERROR(VLOOKUP(T_Materiales[[#This Row],[UNIDAD DE COMPRA]],#REF!,3,0),"")
B115: AVIOS | C115: ELASTICO POLIESTER 4 LIGAS | D115: Cono(m) | E115: 0.15 | F115: 1 | G115: =IFERROR(VLOOKUP(T_Materiales[[#This Row],[UNIDAD DE COMPRA]],#REF!,3,0),"")
B116: AVIOS | C116: ELASTICO POLIESTER DE 2CM | D116: m | E116: 0.17 | F116: 1 | G116: m
B117: AVIOS | C117: ELASTICO ROJO 3CM | D117: Disco | E117: 0.78 | F117: 1 | G117: =IFERROR(VLOOKUP(T_Materiales[[#This Row],[UNIDAD DE COMPRA]],#REF!,3,0),"")
B118: INSUMOS | C118: EMULSION ULANO | D118: Kg | E118: 0.075 | F118: 1 | G118: =IFERROR(VLOOKUP(T_Materiales[[#This Row],[UNIDAD DE COMPRA]],#REF!,3,0),"")
B119: TELA | C119: ENCAJE NEGRO | D119: m | E119: 8 | F119: 1 | G119: =IFERROR(VLOOKUP(T_Materiales[[#This Row],[UNIDAD DE COMPRA]],#REF!,3,0),"")
B120: TELA | C120: ESPUMA DE 1/2" BLANCA | D120: m | E120: 4.5 | F120: 1 | G120: =IFERROR(VLOOKUP(T_Materiales[[#This Row],[UNIDAD DE COMPRA]],#REF!,3,0),"")
B121: AVIOS | C121: EVILLA TIK TOK 2.5CM | D121: Ciento | E121: 0.18 | F121: 1 | G121: =IFERROR(VLOOKUP(T_Materiales[[#This Row],[UNIDAD DE COMPRA]],#REF!,3,0),"")
B122: AVIOS | C122: EVILLAS LATA DORADO | D122: Ciento | E122: 0.12 | F122: 1 | G122: =IFERROR(VLOOKUP(T_Materiales[[#This Row],[UNIDAD DE COMPRA]],#REF!,3,0),"")
B123: AVIOS | C123: EVILLAS OBEROL | D123: Ciento | E123: 0.08 | F123: 1 | G123: =IFERROR(VLOOKUP(T_Materiales[[#This Row],[UNIDAD DE COMPRA]],#REF!,3,0),"")
B124: AVIOS | C124: EVILLAS TIK TOK 4CM | D124: Ciento | E124: 0.25 | F124: 1 | G124: =IFERROR(VLOOKUP(T_Materiales[[#This Row],[UNIDAD DE COMPRA]],#REF!,3,0),"")
B125: AVIOS | C125: FAJA DE 6CM | D125: Rollo (m) | E125: 1.8 | F125: 1 | G125: =IFERROR(VLOOKUP(T_Materiales[[#This Row],[UNIDAD DE COMPRA]],#REF!,3,0),"")
B126: AVIOS | C126: FAJA DE 8CM | D126: Rollo (m) | E126: 1.8 | F126: 1 | G126: =IFERROR(VLOOKUP(T_Materiales[[#This Row],[UNIDAD DE COMPRA]],#REF!,3,0),"")
B127: AVIOS | C127: FLECO BANDERIN DORADO | D127: pieza | E127: 0.9 | F127: 1 | G127: =IFERROR(VLOOKUP(T_Materiales[[#This Row],[UNIDAD DE COMPRA]],#REF!,3,0),"")
B128: AVIOS | C128: FLECO COLA DE RATA #5 DORADO | D128: pieza | E128: 1.2 | F128: 1 | G128: =IFERROR(VLOOKUP(T_Materiales[[#This Row],[UNIDAD DE COMPRA]],#REF!,3,0),"")
... B153: AVIOS | C153: HILO LUREX BORDADO DORADO | D153: m | E153: 20 | F153: 1 | G153: =IFERROR(VLOOKUP(T_Materiales[[#This Row],[UNIDAD DE COMPRA]],#REF!,3,0),"")
B154: AVIOS | C154: HILO LUREX BORDADO PLATEADO | D154: m | E154: 20 | F154: 1 | G154: m
B155: AVIOS | C155: HILO LUREX PARA REMALLE DORADO | D155: m | E155: 15 | F155: 1 | G155: =IFERROR(VLOOKUP(T_Materiales[[#This Row],[UNIDAD DE COMPRA]],#REF!,3,0),"")
B156: AVIOS | C156: HILO LUREX PARA REMALLE PLATEADO | D156: m | E156: 15 | F156: 1 | G156: m
B157: AVIOS | C157: HILO PARA BOBINA | D157: m | E157: 30 | F157: 1 | G157: =IFERROR(VLOOKUP(T_Materiales[[#This Row],[UNIDAD DE COMPRA]],#REF!,3,0),"")
B158: AVIOS | C158: HILO PARA BORDAR AMARILLO BRAZIL | D158: m | E158: 0.001 | F158: 1 | G158: =IFERROR(VLOOKUP(T_Materiales[[#This Row],[UNIDAD DE COMPRA]],#REF!,3,0),"")
B159: AVIOS | C159: HILO PARA BORDAR AMARILLO ORO | D159: m | E159: 0.001 | F159: 1 | G159: =IFERROR(VLOOKUP(T_Materiales[[#This Row],[UNIDAD DE COMPRA]],#REF!,3,0),"")
B160: AVIOS | C160: HILO PARA BORDAR AMARILLO ORO | D160: m | E160: 0.001 | F160: 1 | G160: =IFERROR(VLOOKUP(T_Materiales[[#This Row],[UNIDAD DE COMPRA]],#REF!,3,0),"")
B161: AVIOS | C161: HILO PARA BORDAR AZUL | D161: m | E161: 0.001 | F161: 1 | G161: =IFERROR(VLOOKUP(T_Materiales[[#This Row],[UNIDAD DE COMPRA]],#REF!,3,0),"")
B162: AVIOS | C162: HILO PARA BORDAR AZULINO | D162: m | E162: 0.001 | F162: 1 | G162: =IFERROR(VLOOKUP(T_Materiales[[#This Row],[UNIDAD DE COMPRA]],#REF!,3,0),"")
B163: AVIOS | C163: HILO PARA BORDAR BARNEY | D163: m | E163: 0.001 | F163: 1 | G163: =IFERROR(VLOOKUP(T_Materiales[[#This Row],[UNIDAD DE COMPRA]],#REF!,3,0),"")
B164: AVIOS | C164: HILO PARA BORDAR BLANCO | D164: m | E164: 0.001 | F164: 1 | G164: =IFERROR(VLOOKUP(T_Materiales[[#This Row],[UNIDAD DE COMPRA]],#REF!,3,0),"")
B165: AVIOS | C165: HILO PARA BORDAR CLICLE | D165: m | E165: 0.001 | F165: 1 | G165: =IFERROR(VLOOKUP(T_Materiales[[#This Row],[UNIDAD DE COMPRA]],#REF!,3,0),"")
B166: AVIOS | C166: HILO PARA BORDAR FUXIA | D166: m | E166: 0.001 | F166: 1 | G166: =IFERROR(VLOOKUP(T_Materiales[[#This Row],[UNIDAD DE COMPRA]],#REF!,3,0),"")
B167: AVIOS | C167: HILO PARA BORDAR LILA | D167: m | E167: 0.001 | F167: 1 | G167: =IFERROR(VLOOKUP(T_Materiales[[#This Row],[UNIDAD DE COMPRA]],#REF!,3,0),"")
B168: AVIOS | C168: HILO PARA BORDAR MARRON | D168: m | E168: 0.001 | F168: 1 | G168: =IFERROR(VLOOKUP(T_Materiales[[#This Row],[UNIDAD DE COMPRA]],#REF!,3,0),"")
... B172: AVIOS | C172: HILO PARA BORDAR NEGRO | D172: m | E172: 0.001 | F172: 1 | G172: =IFERROR(VLOOKUP(T_Materiales[[#This Row],[UNIDAD DE COMPRA]],#REF!,3,0),"")
B173: AVIOS | C173: HILO PARA BORDAR ROJO | D173: m | E173: 0.001 | F173: 1 | G173: =IFERROR(VLOOKUP(T_Materiales[[#This Row],[UNIDAD DE COMPRA]],[2]!T_Equivalencias[#All],3,0),"")
B174: AVIOS | C174: HILO PARA BORDAR TURQUEZA | D174: m | E174: 0.001 | F174: 1 | G174: =IFERROR(VLOOKUP(T_Materiales[[#This Row],[UNIDAD DE COMPRA]],#REF!,3,0),"")
B175: AVIOS | C175: HILO PARA BORDAR VERDE AGUA | D175: m | E175: 0.001 | F175: 1 | G175: =IFERROR(VLOOKUP(T_Materiales[[#This Row],[UNIDAD DE COMPRA]],#REF!,3,0),"")
B176: AVIOS | C176: HILO PARA BORDAR VERDE FLORESENTE | D176: m | E176: 0.001 | F176: 1 | G176: =IFERROR(VLOOKUP(T_Materiales[[#This Row],[UNIDAD DE COMPRA]],#REF!,3,0),"")
B177: AVIOS | C177: HILO PARA BORDAR VERDE JADE | D177: m | E177: 0.001 | F177: 1 | G177: =IFERROR(VLOOKUP(T_Materiales[[#This Row],[UNIDAD DE COMPRA]],#REF!,3,0),"")
B178: AVIOS | C178: HILO PARA BORDAR VERDE LORO | D178: m | E178: 0.001 | F178: 1 | G178: =IFERROR(VLOOKUP(T_Materiales[[#This Row],[UNIDAD DE COMPRA]],#REF!,3,0),"")
B179: AVIOS | C179: HILO PARA BORDAR VERDE MANZANA | D179: m | E179: 0.001 | F179: 1 | G179: =IFERROR(VLOOKUP(T_Materiales[[#This Row],[UNIDAD DE COMPRA]],#REF!,3,0),"")
B180: AVIOS | C180: CORROSPUM AMARILLO ORO | D180: Und | E180: 7.5 | F180: 1 | G180: unidad
B181: TELA | C181: JEANS PROCESADO AZUL | D181: m | E181: 16 | F181: 1 | G181: =IFERROR(VLOOKUP(T_Materiales[[#This Row],[UNIDAD DE COMPRA]],#REF!,3,0),"")
B182: TELA | C182: LAME TOPAZ DORADO | D182: m | E182: 11 | F182: 1 | G182: =IFERROR(VLOOKUP(T_Materiales[[#This Row],[UNIDAD DE COMPRA]],#REF!,3,0),"")
B183: TELA | C183: LAME TOPAZ NEGRO | D183: m | E183: 11 | F183: 1 | G183: =IFERROR(VLOOKUP(T_Materiales[[#This Row],[UNIDAD DE COMPRA]],#REF!,3,0),"")
...

Sheet CODIGO MAT
A1: CDG_PROD | B1: CDG_LINP | C1: DES_PROD | D1: CDG_PROD
A2: AVI0000001 | B2: 003 | C2: VICERAS PARA GORRA CHICO | D2: AVI0000001
A3: AVI0000002 | B3: 003 | C3: VICERAS PARA GORRA GRANDE | D3: AVI0000002
A4: AVI0000003 | B4: 003 | C4: PIEDRITAS BRILLANTES | D4: AVI0000003
A5: AVI0000004 | B5: 003 | C5: HILO PARA BORDAR BLANCO | D5: AVI0000004
A6: AVI0000005 | B6: 003 | C6: HILO PARA BORDAR NEGRO | D6: AVI0000005
A7: AVI0000006 | B7: 003 | C7: HILO PARA BORDAR AMARILLO BRAZIL | D7: AVI0000006
A8: AVI0000007 | B8: 003 | C8: HILO PARA BORDAR AMARILLO ORO | D8: AVI0000007
A9: AVI0000008 | B9: 003 | C9: HILO PARA BORDAR AZUL | D9: AVI0000008
A10: AVI0000009 | B10: 003 | C10: HILO PARA BORDAR AZULINO | D10: AVI0000009
A11: AVI0000010 | B11: 003 | C11: HILO PARA BORDAR VERDE JADE | D11: AVI0000010
A12: AVI0000011 | B12: 003 | C12: HILO PARA BORDAR VERDE MANZANA | D12: AVI0000011
... A351: TEL0000190 | B351: 005 | C351: LONA ESCARCHADO AZULINO | D351: TEL0000190
C352: SERMAT LAMINADO AZULINO | D352: TEL0000191
C353: LATEX LICRADO LAMINADO DORADO | D353: TEL0000192
C354: FLECO COLA DE RATA #5 DORADO | D354: AVI0000144
C355: CINTA SATINADA 2.5CM AMARILLO BRAZIL | D355: AVI0000145
C356: TETRON BLANCO | D356: AVI0000146
C357: HILO PARA BORDAR ROJO | D357: AVI0000147
C358: ELASTICO POLIESTER DE 2CM | D358: AVI0000148
C359: GIGANTOGRAFÍA INSIGNIA | D359: AVI0000149
C360: CORROSPUM AMARILLO ORO | D360: AVI0000150
C361: CORROSPUM BLANCO | D361: AVI0000151
C362: ELASTICO PILI | D362: AVI0000152
C363: BOTON LENTEJA #28 GUINDA | D363: AVI0000153
... C375: SERMAT VERDE BOTELLA | D375: TEL0000200

Sheet COSTOS DE CONFECCION
E2: PRECIO POR TALLA DE CONFECCION
B3: CATEGORIA | C3: CODIGO | D3: DESCRIPCION | E3: T0 | F3: T2 | G3: T4 | H3: T6 | I3: T8 | J3: T10 | K3: T12 | L3: T14 | M3: T16 | N3: TS | O3: TAD | P3: OJAL Y BOTON
B4: DANZAS TIPICAS | D4: PREGONERA | G4: 3.7 | H4: 3.7 | I4: 3.7 | J4: 3.7 | K4: 3.7 | L4: 3.7 | M4: 3.7
B5: DANZAS TIPICAS | D5: AREQUIPA MUJER | G5: 4 | H5: 4 | I5: 4 | J5: 4 | K5: 4 | L5: 4 | M5: 4 | N5: 5.5 | O5: 5.5
B6: DANZAS TIPICAS | D6: SELVA MUJER (RAZO) | G6: 3.5 | H6: 3.5 | I6: 3.5 | J6: 3.5 | K6: 3.5 | L6: 3.5 | M6: 3.5 | N6: 4 | O6: 4 | P6: 0.35
B7: DANZAS TIPICAS | D7: AREQUIPA HOMBRE | G7: 3.7 | H7: 3.7 | I7: 3.7 | J7: 3.7 | K7: 3.7 | L7: 3.7 | M7: 3.7 | N7: 5 | O7: 5
B8: DANZAS TIPICAS | D8: SELVA MUJER (SERMAT) | G8: 3.5 | H8: 3.5 | I8: 3.5 | J8: 3.5 | K8: 3.5 | L8: 3.5 | M8: 3.5 | N8: 4 | O8: 4
B9: DANZAS TIPICAS | D9: FESTEJO MUJER | G9: 3.5 | H9: 3.5 | I9: 3.5 | J9: 3.5 | K9: 3.5 | L9: 3.5 | M9: 3.5 | N9: 4.5 | O9: 4.5
B10: DANZAS TIPICAS | D10: LANDO HOMBRE | G10: 3.5 | H10: 3.5 | I10: 3.5 | J10: 3.5 | K10: 3.5 | L10: 3.5 | M10: 3.5 | N10: 4.5 | O10: 4.5
B11: DANZAS TIPICAS | D11: LANDO MUJER | G11: 3.7 | H11: 3.7 | I11: 3.7 | J11: 3.7 | K11: 3.7 | L11: 3.7 | M11: 3.7 | N11: 5 | O11: 5
B12: DANZAS TIPICAS | D12: SAYA HOMBRE | G12: 3.9 | H12: 3.9 | I12: 3.9 | J12: 3.9 | K12: 3.9 | L12: 3.9 | M12: 3.9 | N12: 5 | O12: 5
B13: DANZAS TIPICAS | D13: BAILE MODERNO HOMBRE | G13: 3.5 | H13: 3.5 | I13: 3.5 | J13: 3.5 | K13: 3.5 | L13: 3.5 | M13: 3.5
B14: DANZAS TIPICAS | D14: BAILE MODERNO MUJER | G14: 3.5 | H14: 3.5 | I14: 3.5 | J14: 3.5 | K14: 3.5 | L14: 3.5 | M14: 3.5
B15: DANZAS TIPICAS | D15: TRAVOLTA | G15: 2.3 | H15: 2.3 | I15: 2.3 | J15: 2.3 | K15: 2.3 | L15: 2.3 | M15: 2.3
B16: DANZAS TIPICAS | D16: HUAYLAS MUJER SANTIAGO | G16: 4.8 | H16: 4.8 | I16: 4.8 | J16: 4.8 | K16: 4.8 | L16: 4.8 | M16: 4.8 | N16: 6.5 | O16: 6.5
B17: DANZAS TIPICAS | D17: HUAYLAS HOMBRE | G17: 3.9 | H17: 3.9 | I17: 3.9 | J17: 3.9 | K17: 3.9 | L17: 3.9 | M17: 3.9 | N17: 5.5 | O17: 5.5 | P17: 0.35
B18: DANZAS TIPICAS | D18: SAYA MUJER
B19: DANZAS TIPICAS | D19: CUZQUEÑO | G19: 3.7 | H19: 3.7 | I19: 3.7 | J19: 3.7 | K19: 3.7 | L19: 3.7 | M19: 3.7 | N19: 5 | O19: 5
B20: DANZAS TIPICAS | D20: ÑUSTA | G20: 4.3 | H20: 4.3 | I20: 4.3 | J20: 4.3 | K20: 4.3 | L20: 4.3 | M20: 4.3 | N20: 6 | O20: 6
B21: DANZAS TIPICAS | D21: SANTIAGO HOMBRE | G21: 3.5 | H21: 3.5 | I21: 3.5 | J21: 3.5 | K21: 3.5 | L21: 3.5 | M21: 3.5 | N21: 4.5 | O21: 4.5
B22: DANZAS TIPICAS | D22: SELVA HOMBRE | G22: 1.6 | H22: 1.6 | I22: 1.6 | J22: 1.6 | K22: 1.6 | L22: 1.6 | M22: 1.6 | N22: 2.3 | O22: 2.3
B23: DANZAS TIPICAS | D23: FESTEJO HOMBRE | G23: 3.5 | H23: 3.5 | I23: 3.5 | J23: 3.5 | K23: 3.5 | L23: 3.5 | M23: 3.5 | N23: 4 | O23: 4
B24: DANZAS TIPICAS | D24: CHALAN | F24: 3.5 | G24: 3.5 | H24: 3.5 | I24: 3.5 | J24: 3.5 | K24: 3.5 | L24: 3.5 | M24: 3.5
B25: DANZAS TIPICAS | D25: FESTEJO PANTALON LARGO | F25: 3.5 | G25: 3.5 | H25: 3.5 | I25: 3.5 | J25: 3.5 | K25: 3.5 | L25: 3.5 | M25: 3.5 | P25: 0.35
B26: FIESTAS PATRIAS | D26: MARINA DE GALA | F26: 3.9 | G26: 3.9 | H26: 3.9 | I26: 3.9 | J26: 3.9 | K26: 3.9 | L26: 3.9 | M26: 3.9 | N26: 5 | O26: 5 | P26: 0.45
B27: FIESTAS PATRIAS | D27: MARINA MUJER | F27: 3.7 | G27: 3.7 | H27: 3.7 | I27: 3.7 | J27: 3.7 | K27: 3.7 | L27: 3.7 | M27: 3.7 | N27: 5 | O27: 5 | P27: 0.5
B28: FIESTAS PATRIAS | D28: POLKA (TAPADA LIMEÑA) | F28: 6.5 | G28: 6.5 | H28: 6.5 | I28: 6.5 | J28: 6.5 | K28: 6.5 | L28: 6.5 | M28: 6.5 | N28: 10 | O28: 10
B29: FIESTAS PATRIAS | D29: INCA | G29: 3.5 | H29: 3.5 | I29: 3.5 | J29: 3.5 | K29: 3.5 | L29: 3.5 | M29: 3.5 | N29: 5 | O29: 5
B30: FIESTAS PATRIAS | D30: HUSARES DE JUNIN | G30: 3.7 | H30: 3.7 | I30: 3.7 | J30: 3.7 | K30: 3.7 | L30: 3.7 | M30: 3.7 | N30: 5 | O30: 5 | P30: 0.35
B31: FIESTAS PATRIAS | D31: SAN MARTIN | G31: 3.7 | H31: 3.7 | I31: 3.7 | J31: 3.7 | K31: 3.7 | L31: 3.7 | M31: 3.7 | N31: 5 | O31: 5 | P31: 0.35
B32: FIESTAS PATRIAS | D32: BOLOGNESI | G32: 3.5 | H32: 3.5 | I32: 3.5 | J32: 3.5 | K32: 3.5 | L32: 3.5 | M32: 3.5 | N32: 5 | O32: 5 | P32: 0.35
B33: FIESTAS PATRIAS | D33: ALFONZO UGARTE | G33: 3.5 | H33: 3.5 | I33: 3.5 | J33: 3.5 | K33: 3.5 | L33: 3.5 | M33: 3.5 | N33: 5 | O33: 5 | P33: 0.35
B34: FIESTAS PATRIAS | D34: CONQUISTADOR | G34: 6 | H34: 6 | I34: 6 | J34: 6 | K34: 6 | L34: 6 | M34: 6
B35: FIESTAS PATRIAS | D35: BOLIVAR | G35: 3.7 | H35: 3.7 | I35: 3.7 | J35: 3.7 | K35: 3.7 | L35: 3.7 | M35: 3.7 | N35: 5 | O35: 5 | P35: 0.35
B36: FIESTAS PATRIAS | D36: HUSARINA | G36: 3.5 | H36: 3.5 | I36: 3.5 | J36: 3.5 | K36: 3.5 | L36: 3.5 | M36: 3.5 | N36: 5 | O36: 5 | P36: 0.35
B37: FIESTAS PATRIAS | D37: GUARIPOLERA | G37: 3.5 | H37: 3.5 | I37: 3.5 | J37: 3.5 | K37: 3.5 | L37: 3.5 | M37: 3.5 | N37: 5 | O37: 5 | P37: 0.35
B38: FIESTAS PATRIAS | D38: PARIGUANA | G38: 3 | H38: 3 | I38: 3 | J38: 3 | K38: 3 | L38: 3 | M38: 3 | N38: 5 | O38: 5
B39: FIESTAS PATRIAS | D39: MADRE PATRIA | F39: 3.5 | G39: 3.5 | H39: 3.5 | I39: 3.5 | J39: 3.5 | K39: 3.5 | L39: 3.5 | M39: 3.5 | N39: 5 | O39: 5
B40: FIESTAS PATRIAS | D40: MICAELA BASTIDAS | F40: 3.7 | G40: 3.7 | H40: 3.7 | I40: 3.7 | J40: 3.7 | K40: 3.7 | L40: 3.7 | M40: 3.7 | N40: 5 | O40: 5
B41: FIESTAS PATRIAS | D41: MARIA PARADO B. | F41: 3.7 | G41: 3.7 | H41: 3.7 | I41: 3.7 | J41: 3.7 | K41: 3.7 | L41: 3.7 | M41: 3.7 | N41: 5 | O41: 5
B42: FIESTAS PATRIAS | D42: VIRREY | F42: 4.5 | G42: 4.5 | H42: 4.5 | I42: 4.5 | J42: 4.5 | K42: 4.5 | L42: 4.5 | M42: 4.5 | N42: 6 | O42: 6 | P42: 0.35
B43: FIESTAS PATRIAS | D43: TUPAC AMARU | F43: 3.9 | G43: 3.9 | H43: 3.9 | I43: 3.9 | J43: 3.9 | K43: 3.9 | L43: 3.9 | M43: 3.9 | N43: 5.5 | O43: 5.5
B44: FIESTAS PATRIAS | D44: COLLA | F44: 3.5 | G44: 3.5 | H44: 3.5 | I44: 3.5 | J44: 3.5 | K44: 3.5 | L44: 3.5 | M44: 3.5 | N44: 5 | O44: 5
B45: FIESTAS PATRIAS | D45: MIGUEL GRAU | F45: 3.5 | G45: 3.5 | H45: 3.5 | I45: 3.5 | J45: 3.5 | K45: 3.5 | L45: 3.5 | M45: 3.5 | P45: 0.35
B46: FIESTAS PATRIAS | D46: JOSE OLAYA | F46: 3.5 | G46: 3.5 | H46: 3.5 | I46: 3.5 | J46: 3.5 | K46: 3.5 | L46: 3.5 | M46: 3.5 | P46: 0.35
B47: FIESTAS PATRIAS | D47: VIRGENES DEL SOL | F47: 3.5 | G47: 3.5 | H47: 3.5 | I47: 3.5 | J47: 3.5 | K47: 3.5 | L47: 3.5 | M47: 3.5
B48: HALLOWEN | D48: CALAMAR | H48: 3.5 | I48: 3.5 | J48: 3.5 | K48: 3.5 | L48: 3.5 | M48: 3.5 | N48: 4.5 | O48: 4.5
B49: NAVIDAD | C49: SN001 | D49: DUENDE CON MEDIAS | E49: 4.2 | F49: 4.2 | G49: 4.2 | H49: 4.2 | I49: 4.2 | J49: 4.2 | K49: 4.2 | L49: 4.2 | M49: 4.2 | N49: 6 | O49: 6
B50: NAVIDAD | D50: ROPA PAPANOEL LAMINADO | N50: 6 | O50: 6
B51: NAVIDAD | D51: SOLDADO ROMANO | G51: 5.2 | H51: 5.2 | I51: 5.2 | J51: 5.2 | K51: 5.2 | L51: 5.2 | M51: 5.2 | N51: 7 | O51: 7
B52: NAVIDAD | D52: ANGELITOS | G52: 1.6 | H52: 1.6 | I52: 1.6 | J52: 1.6 | K52: 1.6 | L52: 1.6 | M52: 1.6 | N52: 2.5 | O52: 2.5
B53: NAVIDAD | D53: JESUS | G53: 2.2 | H53: 2.2 | I53: 2.2 | J53: 2.2 | K53: 2.2 | L53: 2.2 | M53: 2.2 | N53: 3 | O53: 3
B54: NAVIDAD | D54: VIRGEN MARIA | G54: 3.5 | H54: 3.5 | I54: 3.5 | J54: 3.5 | K54: 3.5 | L54: 3.5 | M54: 3.5 | N54: 4.5 | O54: 4.5
B55: NAVIDAD | D55: PILATOS | H55: 2.2 | I55: 2.2 | J55: 2.2 | K55: 2.2 | L55: 2.2 | M55: 2.2 | N55: 3.2 | O55: 3.2
B56: PERSONAJES VARIOS | D56: RIDER | E56: 3.9 | F56: 3.9 | G56: 3.9 | H56: 3.9 | I56: 3.9 | J56: 3.9 | K56: 3.9 | L56: 3.9 | M56: 3.9
B57: PERSONAJES VARIOS | D57: PLIN PLIN (POLO ,SHORT) | E57: 3.5 | F57: 3.5 | G57: 3.5 | H57: 3.5 | I57: 3.5 | J57: 3.5 | K57: 3.5
B58: PERSONAJES VARIOS | D58: LULI PAN PIN | E58: 4 | F58: 4 | G58: 4 | H58: 4 | I58: 4 | J58: 4 | K58: 4 | L58: 4 | M58: 4 | N58: 7 | O58: 7
B59: PERSONAJES VARIOS | D59: PILOTO | E59: 4.9 | F59: 4.9 | G59: 4.9 | H59: 4.9 | I59: 4.9 | J59: 4.9 | K59: 4.9 | L59: 4.9 | M59: 4.9 | N59: 7 | O59: 7
B60: PERSONAJES VARIOS | D60: KUROMI | E60: 4.3 | F60: 4.3 | G60: 4.3 | H60: 4.3 | I60: 4.3 | J60: 4.3 | K60: 4.3 | L60: 4.3 | M60: 4.3 | N60: 7 | O60: 7
B61: PERSONAJES VARIOS | D61: SIRENITA MITEX | E61: 3.5 | F61: 3.5 | G61: 3.5 | H61: 3.5 | I61: 3.5 | J61: 3.5 | K61: 3.5 | L61: 3.5 | M61: 3.5 | N61: 7 | O61: 7
B62: PERSONAJES VARIOS | D62: VAQUERA (JESSY VESTIDO) | E62: 3.7 | F62: 3.7 | G62: 3.7 | H62: 3.7 | I62: 3.7 | J62: 3.7 | K62: 3.7 | L62: 3.7 | M62: 3.7 | N62: 7 | O62: 7
B63: PERSONAJES VARIOS | D63: VAQUERO (BUDY) | E63: 4.2 | F63: 4.2 | G63: 4.2 | H63: 4.2 | I63: 4.2 | J63: 4.2 | K63: 4.2 | L63: 4.2 | M63: 4.2
B64: PERSONAJES VARIOS | D64: ZENON | E64: 3.9 | F64: 3.9 | G64: 3.9 | H64: 3.9 | I64: 3.9 | J64: 3.9 | K64: 3.9 | P64: 0.35
B65: PERSONAJES VARIOS | D65: BLIPI | E65: 3.7 | F65: 3.7 | G65: 3.7 | H65: 3.7 | I65: 3.7 | J65: 3.7 | K65: 3.7
B66: PERSONAJES VARIOS | D66: PRINCIPE | E66: 3.9 | F66: 3.9 | G66: 3.9 | H66: 3.9 | I66: 3.9 | J66: 3.9 | K66: 3.9 | L66: 3.9 | M66: 3.9 | N66: 5.5 | O66: 5.5 | P66: 0.35
B67: PERSONAJES VARIOS | D67: PAYASITO OVEROL | E67: 4 | F67: 4 | G67: 4 | H67: 4 | I67: 4 | J67: 4 | K67: 4 | L67: 4 | M67: 4 | N67: 7 | O67: 7 | P67: 0.35
B68: PERSONAJES VARIOS | D68: PLIN PLINA | F68: 3.7 | G68: 3.7 | H68: 3.7 | I68: 3.7
B69: PERSONAJES VARIOS | D69: CAZADOR | F69: 3.9 | G69: 3.9 | H69: 3.9 | I69: 3.9 | J69: 3.9 | K69: 3.9 | L69: 3.9 | P69: 0.45
B70: PERSONAJES VARIOS | D70: MOANA | G70: 3.5 | H70: 3.5 | I70: 3.5 | J70: 3.5 | K70: 3.5 | L70: 3.5 | M70: 3.5 | N70: 5 | O70: 5
B71: PERSONAJES VARIOS | D71: GRANJERA | F71: 3.7 | G71: 3.7 | H71: 3.7 | I71: 3.7 | N71: 7 | O71: 7
B72: PERSONAJES VARIOS | D72: MINI EN PLUSH | F72: 3.7 | G72: 3.7 | H72: 3.7 | I72: 3.7 | J72: 3.7 | N72: 8 | O72: 8
B73: PERSONAJES VARIOS | D73: CHAVO | F73: 3.5 | G73: 3.5 | H73: 3.5 | I73: 3.5 | J73: 3.5 | K73: 3.5 | L73: 3.5 | N73: 4.5 | O73: 4.5
B74: PERSONAJES VARIOS | D74: CARS | G74: 3.9 | H74: 3.9 | I74: 3.9 | J74: 3.9 | K74: 3.9
B75: PERSONAJES VARIOS | D75: CAPIBARA | G75: 3.5 | H75: 3.5 | I75: 3.5 | J75: 3.5 | K75: 3.5
B76: PERSONAJES VARIOS | D76: BURBUJO | G76: 3.7 | H76: 3.7 | I76: 3.7 | J76: 3.7 | K76: 3.7 | L76: 3.7 | P76: 0.35
B77: PERSONAJES VARIOS | D77: BELY BETO | G77: 4 | H77: 4 | I77: 4 | J77: 4 | K77: 4 | L77: 4 | M77: 4
B78: PERSONAJES VARIOS | D78: MAGO | G78: 4 | H78: 4 | I78: 4 | J78: 4 | K78: 4 | L78: 4 | M78: 4
B79: PERSONAJES VARIOS | D79: BURBUJA MUJER | G79: 3.9 | H79: 3.9 | I79: 3.9 | J79: 3.9 | K79: 3.9 | L79: 3.9 | M79: 3.9
B80: PERSONAJES VARIOS | D80: RANA RENE MUJER | F80: 3.7 | G80: 3.7 | H80: 3.7 | I80: 3.7 | J80: 3.7 | K80: 3.7
B81: PERSONAJES VARIOS | D81: CAMPANITA | G81: 3.5 | H81: 3.5 | I81: 3.5 | J81: 3.5 | K81: 3.5 | L81: 3.5 | M81: 3.5 | N81: 5 | O81: 5
B82: PERSONAJES VARIOS | D82: SONIC | G82: 4.9 | H82: 4.9 | I82: 4.9 | J82: 4.9 | K82: 4.9 | L82: 4.9 | M82: 4.9
B83: PERSONAJES VARIOS | D83: MASHA | F83: 3.7 | G83: 3.7 | H83: 3.7 | I83: 3.7 | J83: 3.7 | K83: 3.7 | L83: 3.7 | M83: 3.7
B84: PERSONAJES VARIOS | D84: PLIN PLIN (ENTERIZO) | F84: 3.7 | G84: 3.7 | H84: 3.7 | I84: 3.7 | J84: 3.7 | K84: 3.7 | L84: 3.7 | M84: 3.7
B85: PERSONAJES VARIOS | D85: CHILINDRINA | F85: 3.5 | G85: 3.5 | H85: 3.5 | I85: 3.5 | J85: 3.5 | K85: 3.5 | L85: 3.5 | M85: 3.5 | N85: 4..5 | O85: 4..5
B86: PERSONAJES VARIOS | D86: PAYASITA VESTIDO | F86: 4 | G86: 4 | H86: 4 | I86: 4 | J86: 4 | K86: 4 | L86: 4 | M86: 4 | N86: 5 | O86: 5
B87: PERSONAJES VARIOS | D87: CAPERUCITA | F87: 3.5 | G87: 3.5 | H87: 3.5 | I87: 3.5 | J87: 3.5 | K87: 3.5 | L87: 3.5 | M87: 3.5 | N87: 5.5 | O87: 5.5
B88: PRIMAVERA | D88: ABEJITA | E88: 3.5 | F88: 3.5 | G88: 3.5 | H88: 3.5 | I88: 3.5 | J88: 3.5 | K88: 3.5 | L88: 3.5 | M88: 3.5 | N88: 5 | O88: 5
B89: PRIMAVERA | D89: ANIMALITOS | G89: 3.5 | H89: 3.5 | I89: 3.5 | J89: 3.5 | K89: 3.5 | L89: 3.5 | M89: 3.5 | N89: 4.2 | O89: 4.2
B90: PRINCESAS ESPECIALES | D90: BLANCA NIEVES | G90: 7 | H90: 7 | I90: 7 | J90: 7 | K90: 7 | L90: 7 | M90: 7 | N90: 9 | O90: 9
B91: PRINCESAS ESPECIALES | D91: CENICIENTA | G91: 6.5 | H91: 6.5 | I91: 6.5 | J91: 6.5 | K91: 6.5 | L91: 6.5
B92: PRINCESAS ESPECIALES | D92: BARBIE | F92: 4 | G92: 4 | H92: 4 | I92: 4 | J92: 4 | K92: 4 | L92: 4 | M92: 4 | N92: 5 | O92: 5
B93: PROFESIONES | D93: MARINA HOMBRE | F93: 3.9 | G93: 3.9 | H93: 3.9 | I93: 3.9 | J93: 3.9 | K93: 3.9 | L93: 3.9 | M93: 3.9 | N93: 5 | O93: 5 | P93: 0.5
B94: PROFESIONES | D94: MANDIL CHEF | E94: 1.6 | F94: 1.6 | G94: 1.6 | H94: 1.6 | I94: 1.6 | J94: 1.6 | K94: 1.6 | L94: 1.6 | M94: 1.6 | N94: 1.6 | O94: 1.6
B95: PROFESIONES | D95: BOMBERO | E95: 3.9 | F95: 3.9 | G95: 3.9 | H95: 3.9 | I95: 3.9 | J95: 3.9 | K95: 3.9 | L95: 3.9 | M95: 3.9 | N95: 5 | O95: 5
B96: PROFESIONES | D96: POLICIA DE TRANSITO | G96: 4 | H96: 4 | I96: 4 | J96: 4 | K96: 4 | L96: 4 | M96: 4 | N96: 5.5 | O96: 5.5 | P96: 0.35
B97: PROFESIONES | D97: CHEF | G97: 3.7 | H97: 3.7 | I97: 3.7 | J97: 3.7 | K97: 3.7 | L97: 3.7 | M97: 3.7
B98: PROFESIONES | D98: ENFERMERA TURQUESSA | G98: 3.5 | H98: 3.5 | I98: 3.5 | J98: 3.5 | K98: 3.5 | L98: 3.5 | M98: 3.5 | N98: 4.5 | O98: 4.5 | P98: 0.35
B99: PROFESIONES | D99: GUARDAPOLVO | G99: 3.3 | H99: 3.3 | I99: 3.3 | J99: 3.3 | K99: 3.3 | L99: 3.3 | M99: 3.3 | N99: 4 | O99: 4 | P99: 0.35
B100: PROFESIONES | D100: DOCTOR | G100: 3.5 | H100: 3.5 | I100: 3.5 | J100: 3.5 | K100: 3.5 | L100: 3.5 | M100: 3.5 | N100: 4 | O100: 4
B101: PROFESIONES | D101: POLICIA HOMBRE | G101: 3.9 | H101: 3.9 | I101: 3.9 | J101: 3.9 | K101: 3.9 | L101: 3.9 | M101: 3.9 | N101: 5 | O101: 5 | P101: 0.5
...
